solver,topology,scenario,scheduler,num_agents,num_seeds,throughput_mean,throughput_std,throughput_ci95_lo,throughput_ci95_hi,tasks_mean,tasks_std,ft_n,ft_mean,ft_std,ft_ci95_lo,ft_ci95_hi,ct_n,critical_time_mean,critical_time_std,deficit_recovery_mean,deficit_recovery_std,throughput_recovery_mean,throughput_recovery_std,survival_rate_mean,impacted_area_mean,deficit_integral_mean,cascade_depth_mean,cascade_depth_std,cascade_spread_mean,cascade_spread_std,itae_mean,itae_std,rapidity_mean,rapidity_std,attack_rate_mean,attack_rate_std,fleet_utilization_mean,fleet_utilization_std,solver_step_us_mean,wall_time_ms_mean
pibt,warehouse_single_dock,burst_20pct,closest,40,30,0.3396,0.0275,0.3293,0.3499,169.8,13.8,30,0.7116,0.0795,0.6819,0.7412,30,0.2530,0.0194,NaN,NaN,1.00,0.00,0.8000,-23.1158,9647.2,0.00,0.00,1.00,0.00,22539.2972,1378.0061,11.87,21.95,0.2000,0.0000,0.7918,0.0009,35.6,18
pibt,warehouse_single_dock,burst_20pct,random,40,30,0.3018,0.0406,0.2866,0.3170,150.9,20.3,30,0.6578,0.1116,0.6162,0.6995,30,0.2613,0.0175,NaN,NaN,1.13,0.43,0.8000,-28.4750,11146.7,0.00,0.00,1.00,0.00,22932.4944,1344.4165,20.37,31.74,0.2000,0.0000,0.7926,0.0013,33.9,17
pibt,warehouse_single_dock,burst_50pct,closest,40,30,0.2172,0.0360,0.2038,0.2306,108.6,18.0,30,0.3661,0.0978,0.3296,0.4026,30,0.3050,0.0185,NaN,NaN,1.07,0.25,0.5000,-50.8552,21494.0,0.00,0.00,1.00,0.00,25631.9528,1755.0680,65.95,94.53,0.5000,0.0000,0.4958,0.0011,28.0,14
pibt,warehouse_single_dock,burst_50pct,random,40,30,0.1830,0.0327,0.1708,0.1952,91.5,16.3,30,0.3189,0.0914,0.2848,0.3530,30,0.3089,0.0204,NaN,NaN,1.40,0.89,0.5000,-56.6251,22598.3,0.00,0.00,1.00,0.00,25761.3167,1775.1008,86.68,115.43,0.5000,0.0000,0.4964,0.0010,25.1,12
pibt,warehouse_single_dock,intermittent_80s80m15r,closest,40,30,0.3376,0.0173,0.3311,0.3441,168.8,8.7,30,0.7160,0.0351,0.7029,0.7291,30,0.2463,0.0141,NaN,NaN,1.00,0.00,1.0000,-23.6066,10734.8,0.26,0.05,1.26,0.05,24287.8611,1345.3923,0.00,0.00,0.9983,0.0063,0.9896,0.0016,38.4,20
pibt,warehouse_single_dock,intermittent_80s80m15r,random,40,30,0.3155,0.0172,0.3091,0.3220,157.8,8.6,30,0.7106,0.0388,0.6961,0.7251,30,0.2506,0.0139,NaN,NaN,1.03,0.18,1.0000,-25.2251,11038.1,0.27,0.07,1.27,0.07,24532.1583,1462.1101,0.00,0.00,0.9975,0.0076,0.9903,0.0013,38.2,20
pibt,warehouse_single_dock,wear_high,closest,40,30,0.1106,0.0125,0.1059,0.1153,55.3,6.3,30,0.1748,0.0402,0.1597,0.1898,30,0.3288,0.0113,NaN,NaN,1.00,0.00,0.0367,-74.9940,31562.9,0.00,0.00,1.00,0.00,36058.1000,3349.6240,0.87,4.38,0.9633,0.0339,0.2222,0.0398,68.8,34
pibt,warehouse_single_dock,wear_high,random,40,30,0.0905,0.0098,0.0868,0.0941,45.2,4.9,30,0.1746,0.0393,0.1599,0.1893,30,0.3276,0.0141,NaN,NaN,1.00,0.00,0.0475,-78.5573,31865.1,0.00,0.00,1.00,0.00,35845.4139,3110.6998,2.00,5.43,0.9525,0.0466,0.2290,0.0457,73.7,37
pibt,warehouse_single_dock,wear_medium,closest,40,30,0.3223,0.0305,0.3109,0.3337,161.1,15.3,30,0.6497,0.0869,0.6172,0.6821,30,0.2600,0.0172,NaN,NaN,1.03,0.18,0.4208,-27.0472,7637.4,0.00,0.00,1.00,0.00,23136.9028,6646.3866,1.67,9.13,0.5792,0.0725,0.7251,0.0469,76.2,38
pibt,warehouse_single_dock,wear_medium,random,40,30,0.3004,0.0276,0.2901,0.3107,150.2,13.8,30,0.6448,0.0723,0.6178,0.6718,30,0.2594,0.0184,NaN,NaN,1.00,0.00,0.4225,-28.7966,8023.6,0.00,0.00,1.00,0.00,22958.8878,6640.5479,1.50,5.67,0.5775,0.0648,0.7265,0.0470,79.7,40
pibt,warehouse_single_dock,zone_50t,closest,40,30,0.4257,0.0137,0.4206,0.4308,212.9,6.9,30,0.9549,0.0350,0.9419,0.9680,28,0.2137,0.0220,85.50,98.89,1.03,0.41,1.0000,-3.6262,3057.6,0.21,0.22,1.14,0.38,20873.1310,1472.2909,6.04,17.76,0.2508,0.1605,0.9895,0.0030,40.1,20
pibt,warehouse_single_dock,zone_50t,random,40,30,0.4069,0.0142,0.4015,0.4122,203.4,7.1,30,0.9572,0.0388,0.9428,0.9717,25,0.2160,0.0248,82.14,141.61,0.90,0.55,1.0000,-3.5483,2918.8,0.17,0.17,1.00,0.48,20791.5600,1423.1034,9.32,21.83,0.2350,0.1975,0.9911,0.0041,39.5,20
rhcr_pbs,warehouse_single_dock,burst_20pct,closest,40,30,0.2892,0.0691,0.2634,0.3150,144.6,34.6,30,0.9279,2.0451,0.1643,1.6915,30,0.2145,0.0574,12.00,0.00,1.13,0.35,0.8000,-20.9582,13585.6,0.00,0.00,1.00,0.00,20394.4989,4800.8122,20.41,31.55,0.2000,0.0000,0.7931,0.0023,115297.7,57649
rhcr_pbs,warehouse_single_dock,burst_20pct,random,40,30,0.2487,0.0787,0.2193,0.2781,124.4,39.4,30,0.5891,0.3046,0.4754,0.7028,30,0.1983,0.0638,128.00,181.02,1.10,0.31,0.8000,-35.8521,13864.3,0.00,0.00,1.00,0.00,18442.5333,5699.0661,10.13,24.14,0.2000,0.0000,0.7939,0.0025,126255.1,63128
rhcr_pbs,warehouse_single_dock,burst_50pct,closest,40,30,0.1855,0.0441,0.1690,0.2019,92.7,22.1,30,0.4045,0.7135,0.1381,0.6709,30,0.2514,0.0512,12.00,0.00,1.13,0.35,0.5000,-52.6899,24300.4,0.00,0.00,1.00,0.00,22007.3561,4414.0445,66.42,93.87,0.5000,0.0000,0.4966,0.0013,59683.3,29842
rhcr_pbs,warehouse_single_dock,burst_50pct,random,40,30,0.1660,0.0380,0.1518,0.1802,83.0,19.0,30,0.7525,2.5068,-0.1834,1.6885,30,0.2377,0.0629,0.00,0.00,1.20,0.41,0.5000,-47.0424,23579.8,0.00,0.00,1.00,0.00,20103.9972,5816.1072,53.90,87.45,0.5000,0.0000,0.4968,0.0011,57769.5,28885
rhcr_pbs,warehouse_single_dock,intermittent_80s80m15r,closest,40,30,0.3265,0.0763,0.2981,0.3550,163.3,38.1,30,0.6865,0.1394,0.6344,0.7385,30,0.1790,0.0534,NaN,NaN,1.00,0.00,1.0000,-25.9939,11096.1,0.25,0.12,1.32,0.27,20332.4772,4790.3007,2.03,6.50,0.9992,0.0046,0.9898,0.0033,253196.1,126599
rhcr_pbs,warehouse_single_dock,intermittent_80s80m15r,random,40,30,0.3168,0.0580,0.2952,0.3384,158.4,29.0,30,0.8061,0.2672,0.7063,0.9058,30,0.1695,0.0533,165.33,96.42,1.00,0.00,1.0000,-18.2122,9595.5,0.26,0.11,1.34,0.32,18272.3722,5676.7224,0.00,0.00,1.0000,0.0000,0.9896,0.0025,231096.2,115550
rhcr_pbs,warehouse_single_dock,wear_high,closest,40,30,0.1152,0.0210,0.1074,0.1230,57.6,10.5,30,0.1863,0.0482,0.1683,0.2043,30,0.2584,0.0498,NaN,NaN,1.00,0.00,0.1658,-72.8114,30340.8,0.00,0.00,1.00,0.00,29538.0656,6086.5424,0.67,3.13,0.8342,0.1829,0.3328,0.1413,51690.7,25845
rhcr_pbs,warehouse_single_dock,wear_high,random,40,30,0.1012,0.0114,0.0969,0.1055,50.6,5.7,30,0.3025,0.5269,0.1058,0.4992,30,0.2460,0.0594,30.00,0.00,1.00,0.00,0.0925,-66.6680,28950.4,0.00,0.00,1.00,0.00,27453.0000,7637.7422,2.03,7.21,0.9075,0.0554,0.2732,0.0472,42920.3,21460
rhcr_pbs,warehouse_single_dock,wear_medium,closest,40,30,0.3123,0.0648,0.2882,0.3365,156.2,32.4,30,0.6321,0.1237,0.5859,0.6783,29,0.1961,0.0397,0.00,0.00,0.97,0.18,0.5333,-28.7525,7865.7,0.00,0.00,0.97,0.18,19365.1971,5149.1333,0.03,0.19,0.4667,0.1510,0.7682,0.0708,144315.1,72158
rhcr_pbs,warehouse_single_dock,wear_medium,random,40,30,0.2979,0.0599,0.2756,0.3203,149.0,29.9,30,0.7014,0.2996,0.5895,0.8132,30,0.1793,0.0607,76.00,28.28,1.00,0.00,0.5333,-22.8630,7289.2,0.00,0.00,1.00,0.00,17001.8917,7452.3081,0.67,2.35,0.4667,0.1079,0.7655,0.0575,137843.4,68922
rhcr_pbs,warehouse_single_dock,zone_50t,closest,40,30,0.4065,0.1078,0.3663,0.4468,203.3,53.9,30,0.9092,0.2246,0.8253,0.9931,30,0.1754,0.0700,229.83,133.38,1.03,0.18,1.0000,-7.9311,4625.5,0.04,0.09,1.05,0.11,19039.7828,5043.9424,7.97,20.83,0.2325,0.1561,0.9890,0.0034,229409.9,114705
rhcr_pbs,warehouse_single_dock,zone_50t,random,40,30,0.3947,0.0786,0.3653,0.4240,197.3,39.3,30,1.0276,0.2780,0.9238,1.1314,27,0.1723,0.0757,142.00,116.34,0.90,0.31,1.0000,0.1625,3260.3,0.11,0.23,1.05,0.49,17696.9660,6304.0068,4.96,17.99,0.2258,0.1924,0.9902,0.0041,224140.0,112070
token_passing,warehouse_single_dock,burst_20pct,closest,40,30,0.2769,0.0666,0.2520,0.3017,138.4,33.3,30,0.7106,0.2400,0.6210,0.8002,30,0.2304,0.0601,177.00,132.94,1.07,0.25,0.8000,-23.3171,9095.7,0.00,0.00,1.00,0.00,19393.4250,6113.7632,14.41,25.86,0.2000,0.0000,0.7939,0.0019,7745.7,3873
token_passing,warehouse_single_dock,burst_20pct,random,40,30,0.2475,0.0685,0.2219,0.2730,123.7,34.2,30,0.6446,0.2488,0.5517,0.7375,30,0.2430,0.0612,223.50,30.41,1.10,0.31,0.8000,-29.4131,10453.7,0.00,0.00,1.00,0.00,20343.2972,6417.9240,16.77,32.49,0.2000,0.0000,0.7943,0.0021,8236.1,4118
token_passing,warehouse_single_dock,burst_50pct,closest,40,30,0.1775,0.0368,0.1637,0.1912,88.7,18.4,30,0.3563,0.1595,0.2968,0.4159,30,0.2641,0.0601,NaN,NaN,1.27,0.45,0.5000,-50.4624,19593.5,0.00,0.00,1.00,0.00,21078.1361,6237.3031,75.55,105.00,0.5000,0.0000,0.4970,0.0011,5176.7,2588
token_passing,warehouse_single_dock,burst_50pct,random,40,30,0.1575,0.0408,0.1423,0.1728,78.8,20.4,30,0.3358,0.1701,0.2723,0.3993,30,0.2754,0.0659,NaN,NaN,1.10,0.31,0.5000,-54.2438,20142.0,0.00,0.00,1.00,0.00,21883.2222,6808.9191,73.62,112.34,0.5000,0.0000,0.4971,0.0012,5529.7,2765
token_passing,warehouse_single_dock,intermittent_80s80m15r,closest,40,30,0.3071,0.0523,0.2876,0.3266,153.6,26.1,30,0.8267,0.2734,0.7247,0.9288,30,0.2138,0.0465,248.75,115.53,1.00,0.00,1.0000,-14.8896,7924.5,0.05,0.03,1.05,0.03,20023.8111,5835.7243,5.23,14.84,0.9942,0.0108,0.9912,0.0023,8134.4,4068
token_passing,warehouse_single_dock,intermittent_80s80m15r,random,40,30,0.3003,0.0393,0.2856,0.3149,150.1,19.6,30,0.8522,0.2628,0.7541,0.9503,30,0.2223,0.0495,208.25,54.15,1.00,0.00,1.0000,-13.5236,7949.7,0.06,0.02,1.06,0.03,20939.7222,6341.6403,0.67,3.65,0.9942,0.0108,0.9913,0.0017,7409.2,3706
token_passing,warehouse_single_dock,wear_high,closest,40,30,0.1189,0.0158,0.1130,0.1248,59.5,7.9,30,0.2408,0.0706,0.2144,0.2672,30,0.2788,0.0620,NaN,NaN,1.00,0.00,0.1300,-66.9239,24475.3,0.00,0.00,1.00,0.00,28204.8083,8245.3617,1.62,6.58,0.8700,0.1231,0.3160,0.0883,3122.6,1561
token_passing,warehouse_single_dock,wear_high,random,40,30,0.0987,0.0118,0.0943,0.1031,49.3,5.9,30,0.2421,0.1152,0.1991,0.2851,30,0.2840,0.0624,NaN,NaN,1.00,0.00,0.1758,-70.7982,25593.0,0.00,0.00,1.00,0.00,29519.8056,8782.9310,1.10,2.99,0.8242,0.1330,0.3517,0.0978,3762.5,1881
token_passing,warehouse_single_dock,wear_medium,closest,40,30,0.2953,0.0536,0.2753,0.3154,147.7,26.8,30,0.7400,0.1951,0.6671,0.8128,30,0.2197,0.0568,138.67,38.70,1.03,0.18,0.6500,-18.7977,5450.8,0.00,0.00,1.00,0.00,16576.3889,7580.5257,2.70,9.73,0.3500,0.1148,0.8202,0.0486,7575.0,3788
token_passing,warehouse_single_dock,wear_medium,random,40,30,0.2657,0.0645,0.2416,0.2898,132.9,32.3,30,0.6747,0.1905,0.6035,0.7458,30,0.2275,0.0561,131.00,0.00,1.00,0.00,0.6625,-25.2345,6704.6,0.00,0.00,1.00,0.00,18160.7944,8443.1043,4.90,18.74,0.3375,0.1230,0.8221,0.0534,7948.7,3974
token_passing,warehouse_single_dock,zone_50t,closest,40,30,0.3588,0.0703,0.3326,0.3850,179.4,35.1,30,0.9936,0.3069,0.8790,1.1082,30,0.1953,0.0520,231.18,102.69,1.10,0.40,1.0000,-1.2658,3700.2,0.02,0.04,1.02,0.04,17639.7361,5294.8723,7.67,19.90,0.2375,0.1080,0.9910,0.0027,8122.5,4061
token_passing,warehouse_single_dock,zone_50t,random,40,30,0.3462,0.0827,0.3153,0.3771,173.1,41.4,30,0.9703,0.2687,0.8700,1.0706,30,0.1977,0.0512,234.00,99.65,1.00,0.00,1.0000,-2.8638,3570.0,0.03,0.05,1.03,0.05,17855.5722,5559.1698,4.27,16.24,0.2458,0.1110,0.9910,0.0028,8122.3,4061
