solver,topology,scenario,scheduler,num_agents,seed,is_baseline,avg_throughput,total_tasks,unassigned_ratio,wait_ratio,fault_tolerance,critical_time,deficit_recovery,throughput_recovery,mtbf,recovery_tick,survival_rate,impacted_area,deficit_integral,cascade_depth_avg,cascade_spread_avg,structural_cascade_avg,structural_cascade_max,mitigation_delta_avg,itae,rapidity,attack_rate,fleet_utilization,pbs_partial_rate,solver_step_avg_us,solver_step_max_us,wall_time_ms
rhcr_pbs,warehouse_single_dock,zone_50t,closest,60,42,true,0.4300,129,0.0085,0.3937,1.0000,,0.00,0.00,,,1.0000,0.0000,0,0.00,0.00,0.00,0.00,0.00,0.0000,0.00,0.0000,1.0000,0.7467,1019058.8,7334512.0,305729
rhcr_pbs,warehouse_single_dock,zone_50t,closest,60,42,false,0.3200,96,0.0057,0.5495,0.4844,0.1642,,1.00,,,1.0000,-25.5814,4611,0.00,1.00,4.94,9.00,-3.94,2196.0000,,0.2833,0.9971,0.2867,981137.5,6805303.0,294407
rhcr_pbs,warehouse_single_dock,zone_50t,closest,60,42,true,0.0267,8,0.0004,0.9341,1.0000,,0.00,0.00,,,1.0000,0.0000,0,0.00,0.00,0.00,0.00,0.00,0.0000,0.00,0.0000,1.0000,0.0400,16443.8,48001.0,4937
rhcr_pbs,warehouse_single_dock,zone_50t,closest,60,42,false,0.0267,8,0.0004,0.9341,1.0000,0.0000,0.00,1.00,,,1.0000,0.0000,0,0.00,1.00,4.36,8.00,-3.36,0.0000,,0.4667,0.9999,0.0400,16229.1,41023.0,4970
rhcr_pbs,warehouse_single_dock,zone_50t,closest,60,42,true,0.0267,8,0.0004,0.9341,1.0000,,0.00,0.00,,,1.0000,0.0000,0,0.00,0.00,0.00,0.00,0.00,0.0000,0.00,0.0000,1.0000,0.0400,16500.1,48323.0,4954
rhcr_pbs,warehouse_single_dock,zone_50t,closest,60,42,false,0.0267,8,0.0004,0.9341,1.0000,0.0000,0.00,1.00,,,1.0000,0.0000,0,0.00,1.00,4.36,8.00,-3.36,0.0000,,0.4667,0.9999,0.0400,16274.4,42614.0,4988
rhcr_pbs,warehouse_single_dock,zone_50t,closest,60,42,true,0.0867,26,0.0015,0.8250,1.0000,,0.00,0.00,,,1.0000,0.0000,0,0.00,0.00,0.00,0.00,0.00,0.0000,0.00,0.0000,1.0000,0.9333,131997.8,3242390.0,39604
rhcr_pbs,warehouse_single_dock,zone_50t,closest,60,42,false,0.0867,26,0.0015,0.8250,,0.0000,0.00,1.00,,,1.0000,0.0000,0,0.00,1.00,4.33,6.00,-3.33,0.0000,,0.1000,1.0000,0.9333,126177.7,3150407.0,37864
rhcr_pbs,warehouse_single_dock,zone_50t,closest,60,42,true,0.6333,190,0.0127,0.1093,1.0000,,0.00,0.00,,,1.0000,0.0000,0,0.00,0.00,0.00,0.00,0.00,0.0000,0.00,0.0000,1.0000,0.4933,3616626.4,23009451.0,1084992
rhcr_pbs,warehouse_single_dock,zone_50t,closest,60,42,false,0.5933,178,0.0111,0.1722,0.9016,0.1393,,1.00,,,1.0000,-6.3158,2298,0.00,1.00,5.71,8.00,-4.71,5667.9333,,0.2833,0.9899,0.3667,4184763.9,24520681.0,1255493
rhcr_pbs,warehouse_single_dock,zone_50t,closest,60,123,true,0.5067,152,0.0090,0.2464,1.0000,,0.00,0.00,,,1.0000,0.0000,0,0.00,0.00,0.00,0.00,0.00,0.0000,0.00,0.0000,1.0000,0.5800,1097879.1,6952581.0,329368
rhcr_pbs,warehouse_single_dock,zone_50t,closest,60,123,false,0.5033,151,0.0089,0.2724,0.9891,0.1294,,1.00,,,1.0000,-0.6579,623,0.25,1.25,2.25,4.00,-1.00,3679.0833,,0.0667,0.9918,0.4267,934687.0,6710183.0,280422
rhcr_pbs,warehouse_single_dock,zone_50t,closest,60,123,true,0.0267,8,0.0004,0.8817,1.0000,,0.00,0.00,,,1.0000,0.0000,0,0.00,0.00,0.00,0.00,0.00,0.0000,0.00,0.0000,1.0000,0.9133,8547.5,32916.0,2574
rhcr_pbs,warehouse_single_dock,zone_50t,closest,60,123,false,0.0267,8,0.0004,0.8845,,0.0000,0.00,1.00,,,1.0000,0.0000,0,0.00,1.00,1.00,1.00,0.00,0.0000,,0.0167,1.0000,0.9133,8853.8,26793.0,2660
rhcr_pbs,warehouse_single_dock,zone_50t,closest,60,123,true,0.0267,8,0.0004,0.8817,1.0000,,0.00,0.00,,,1.0000,0.0000,0,0.00,0.00,0.00,0.00,0.00,0.0000,0.00,0.0000,1.0000,0.9133,8478.3,24774.0,2547
rhcr_pbs,warehouse_single_dock,zone_50t,closest,60,123,false,0.0267,8,0.0004,0.8845,,0.0000,0.00,1.00,,,1.0000,0.0000,0,0.00,1.00,1.00,1.00,0.00,0.0000,,0.0167,1.0000,0.9133,8800.9,30682.0,2643
rhcr_pbs,warehouse_single_dock,zone_50t,closest,60,123,true,0.1733,52,0.0031,0.7347,1.0000,,0.00,0.00,,,1.0000,0.0000,0,0.00,0.00,0.00,0.00,0.00,0.0000,0.00,0.0000,1.0000,0.1933,130784.4,2524197.0,39239
rhcr_pbs,warehouse_single_dock,zone_50t,closest,60,123,false,0.1733,52,0.0031,0.7347,1.0000,0.0000,0.00,1.00,,,1.0000,0.0000,0,0.00,1.00,2.50,3.00,-1.50,0.0000,,0.0333,0.9997,0.1933,128410.1,2590634.0,38531
rhcr_pbs,warehouse_single_dock,zone_50t,closest,60,123,true,0.5267,158,0.0097,0.2030,1.0000,,0.00,0.00,,,1.0000,0.0000,0,0.00,0.00,0.00,0.00,0.00,0.0000,0.00,0.0000,1.0000,0.2733,3077961.8,24414345.0,923395
rhcr_pbs,warehouse_single_dock,zone_50t,closest,60,123,false,0.5267,158,0.0097,0.2030,1.0000,,0.00,0.00,,,1.0000,0.0000,0,0.00,0.00,0.00,0.00,0.00,,,0.0000,1.0000,0.2733,2961559.9,23720721.0,888468
rhcr_pbs,warehouse_single_dock,zone_50t,closest,60,456,true,0.3433,103,0.0059,0.5224,1.0000,,0.00,0.00,,,1.0000,0.0000,0,0.00,0.00,0.00,0.00,0.00,0.0000,0.00,0.0000,1.0000,0.1267,589072.2,7555752.0,176726
rhcr_pbs,warehouse_single_dock,zone_50t,closest,60,456,false,0.2633,79,0.0045,0.6158,0.3514,0.0796,,1.00,,,1.0000,-23.3010,3858,0.00,1.00,4.42,8.00,-3.42,737.3333,,0.3167,0.9989,0.0867,439996.6,6516808.0,132073
rhcr_pbs,warehouse_single_dock,zone_50t,closest,60,456,true,0.0533,16,0.0009,0.8948,1.0000,,0.00,0.00,,,1.0000,0.0000,0,0.00,0.00,0.00,0.00,0.00,0.0000,0.00,0.0000,1.0000,0.0733,3207.9,19277.0,966
rhcr_pbs,warehouse_single_dock,zone_50t,closest,60,456,false,0.0533,16,0.0009,0.8948,1.0000,0.0000,0.00,1.00,,,1.0000,0.0000,0,0.05,1.05,4.50,8.00,-3.45,0.0000,,0.3833,0.9998,0.0733,3112.3,22773.0,997
rhcr_pbs,warehouse_single_dock,zone_50t,closest,60,456,true,0.0533,16,0.0009,0.8948,1.0000,,0.00,0.00,,,1.0000,0.0000,0,0.00,0.00,0.00,0.00,0.00,0.0000,0.00,0.0000,1.0000,0.0733,3183.6,21651.0,965
rhcr_pbs,warehouse_single_dock,zone_50t,closest,60,456,false,0.0533,16,0.0009,0.8948,1.0000,0.0000,0.00,1.00,,,1.0000,0.0000,0,0.05,1.05,4.50,8.00,-3.45,0.0000,,0.3833,0.9998,0.0733,3136.8,18289.0,999
rhcr_pbs,warehouse_single_dock,zone_50t,closest,60,456,true,0.6300,189,0.0131,0.0944,1.0000,,0.00,0.00,,,1.0000,0.0000,0,0.00,0.00,0.00,0.00,0.00,0.0000,0.00,0.0000,1.0000,0.5600,471533.1,2805902.0,141464
rhcr_pbs,warehouse_single_dock,zone_50t,closest,60,456,false,0.5133,154,0.0103,0.2416,0.7328,0.1891,,1.00,,,1.0000,-18.5185,2376,0.00,1.00,3.50,7.00,-2.50,5538.3333,,0.2333,0.9908,0.6067,505478.2,4845080.0,151693
rhcr_pbs,warehouse_single_dock,zone_50t,closest,60,456,true,0.6567,197,0.0128,0.1071,1.0000,,0.00,0.00,,,1.0000,0.0000,0,0.00,0.00,0.00,0.00,0.00,0.0000,0.00,0.0000,1.0000,0.4267,3670609.6,23524255.0,1101187
rhcr_pbs,warehouse_single_dock,zone_50t,closest,60,456,false,0.6033,181,0.0114,0.1884,0.8788,0.1493,,1.00,,,1.0000,-8.1218,3450,0.00,1.00,4.43,7.00,-3.43,5178.8333,,0.3833,0.9889,0.2667,3376083.6,25151433.0,1012918
rhcr_pbs,warehouse_single_dock,zone_50t,closest,60,789,true,0.6400,192,0.0121,0.0959,1.0000,,0.00,0.00,,,1.0000,0.0000,0,0.00,0.00,0.00,0.00,0.00,0.0000,0.00,0.0000,1.0000,0.5133,1300312.4,7365255.0,390098
rhcr_pbs,warehouse_single_dock,zone_50t,closest,60,789,false,0.2700,81,0.0049,0.5588,0.1527,0.3433,,1.00,,,1.0000,-57.8125,10039,0.00,1.00,5.59,9.00,-4.59,7417.6667,,0.4500,0.9983,0.6933,654908.1,6621144.0,196576
rhcr_pbs,warehouse_single_dock,zone_50t,closest,60,789,true,0.0167,5,0.0003,0.9289,1.0000,,0.00,0.00,,,1.0000,0.0000,0,0.00,0.00,0.00,0.00,0.00,0.0000,0.00,0.0000,1.0000,0.0467,7655.7,28537.0,2304
rhcr_pbs,warehouse_single_dock,zone_50t,closest,60,789,false,0.0167,5,0.0003,0.9289,,0.0000,0.00,1.00,,,1.0000,0.0000,0,0.00,1.00,5.15,7.00,-4.15,0.0000,,0.3333,1.0000,0.0467,7428.9,20472.0,2303
rhcr_pbs,warehouse_single_dock,zone_50t,closest,60,789,true,0.0167,5,0.0003,0.9289,1.0000,,0.00,0.00,,,1.0000,0.0000,0,0.00,0.00,0.00,0.00,0.00,0.0000,0.00,0.0000,1.0000,0.0467,7619.1,25442.0,2290
rhcr_pbs,warehouse_single_dock,zone_50t,closest,60,789,false,0.0167,5,0.0003,0.9289,,0.0000,0.00,1.00,,,1.0000,0.0000,0,0.00,1.00,5.15,7.00,-4.15,0.0000,,0.3333,1.0000,0.0467,7502.5,23144.0,2316
rhcr_pbs,warehouse_single_dock,zone_50t,closest,60,789,true,0.1967,59,0.0039,0.7123,1.0000,,0.00,0.00,,,1.0000,0.0000,0,0.00,0.00,0.00,0.00,0.00,0.0000,0.00,0.0000,1.0000,0.2600,872799.9,4232948.0,261850
rhcr_pbs,warehouse_single_dock,zone_50t,closest,60,789,false,0.2000,60,0.0041,0.7077,1.5000,0.0050,34.00,1.00,,152,1.0000,1.6949,34,0.00,1.00,6.85,13.00,-5.85,18.0000,,0.6833,0.9997,0.2000,676019.2,3985626.0,202974
rhcr_pbs,warehouse_single_dock,zone_50t,closest,60,789,true,0.5633,169,0.0099,0.1282,1.0000,,0.00,0.00,,,1.0000,0.0000,0,0.00,0.00,0.00,0.00,0.00,0.0000,0.00,0.0000,1.0000,0.6600,3805984.0,24328464.0,1141799
rhcr_pbs,warehouse_single_dock,zone_50t,closest,60,789,false,0.4767,143,0.0091,0.2516,0.7869,0.1592,,1.00,,,1.0000,-15.3846,4944,0.00,1.00,4.31,9.00,-3.31,5485.3333,80.00,0.5333,0.9909,0.6800,3246766.8,23343502.0,974156
rhcr_pbs,warehouse_single_dock,zone_50t,closest,60,1024,true,0.6667,200,0.0128,0.0880,1.0000,,0.00,0.00,,,1.0000,0.0000,0,0.00,0.00,0.00,0.00,0.00,0.0000,0.00,0.0000,1.0000,0.4362,1187131.7,9079930.0,356144
rhcr_pbs,warehouse_single_dock,zone_50t,closest,60,1024,false,0.5067,152,0.0089,0.2920,0.6336,0.3284,,1.00,,,1.0000,-24.0000,3377,0.00,1.00,6.10,10.00,-5.10,7825.0000,,0.1667,0.9929,0.3867,963016.2,8961148.0,288944
rhcr_pbs,warehouse_single_dock,zone_50t,closest,60,1024,true,0.0300,9,0.0005,0.9196,1.0000,,0.00,0.00,,,1.0000,0.0000,0,0.00,0.00,0.00,0.00,0.00,0.0000,0.00,0.0000,1.0000,0.9267,4347.0,45579.0,1316
rhcr_pbs,warehouse_single_dock,zone_50t,closest,60,1024,false,0.0300,9,0.0005,0.9196,,0.0000,0.00,1.00,,,1.0000,0.0000,0,1.00,2.00,2.67,3.00,-0.67,0.0000,,0.0500,1.0000,0.9267,3667.1,34268.0,1111
rhcr_pbs,warehouse_single_dock,zone_50t,closest,60,1024,true,0.0300,9,0.0005,0.9196,1.0000,,0.00,0.00,,,1.0000,0.0000,0,0.00,0.00,0.00,0.00,0.00,0.0000,0.00,0.0000,1.0000,0.9267,4032.2,31652.0,1214
rhcr_pbs,warehouse_single_dock,zone_50t,closest,60,1024,false,0.0300,9,0.0005,0.9196,,0.0000,0.00,1.00,,,1.0000,0.0000,0,1.00,2.00,2.67,3.00,-0.67,0.0000,,0.0500,1.0000,0.9267,3718.2,34582.0,1122
rhcr_pbs,warehouse_single_dock,zone_50t,closest,60,1024,true,0.1033,31,0.0019,0.7827,1.0000,,0.00,0.00,,,1.0000,0.0000,0,0.00,0.00,0.00,0.00,0.00,0.0000,0.00,0.0000,1.0000,0.9400,268529.8,3426487.0,80564
rhcr_pbs,warehouse_single_dock,zone_50t,closest,60,1024,false,0.1033,31,0.0019,0.7846,,0.0000,0.00,1.00,,,1.0000,0.0000,0,0.25,1.25,3.50,4.00,-2.25,0.0000,,0.0667,1.0000,0.9400,255666.6,3298328.0,76709
rhcr_pbs,warehouse_single_dock,zone_50t,closest,60,1024,true,0.5767,173,0.0138,0.2433,1.0000,,0.00,0.00,,,1.0000,0.0000,0,0.00,0.00,0.00,0.00,0.00,0.0000,0.00,0.0000,1.0000,0.3533,3292672.7,28888658.0,987808
rhcr_pbs,warehouse_single_dock,zone_50t,closest,60,1024,false,0.6633,199,0.0132,0.1239,1.2453,0.0896,156.00,1.00,,269,1.0000,15.0289,1130,0.14,1.14,3.71,7.00,-2.57,3804.1667,,0.1333,0.9876,0.4200,4009630.0,23933157.0,1202916
rhcr_pbs,warehouse_single_dock,zone_50t,closest,60,2048,true,0.1433,43,0.0025,0.7918,1.0000,,0.00,0.00,,,1.0000,0.0000,0,0.00,0.00,0.00,0.00,0.00,0.0000,0.00,0.0000,1.0000,0.9000,754737.4,8243911.0,226434
rhcr_pbs,warehouse_single_dock,zone_50t,closest,60,2048,false,0.1433,43,0.0025,0.7918,1.0000,0.0000,0.00,1.00,,,1.0000,0.0000,0,0.00,1.00,4.50,5.00,-3.50,0.0000,,0.0667,0.9999,0.9000,727035.9,8172623.0,218127
rhcr_pbs,warehouse_single_dock,zone_50t,closest,60,2048,true,0.0200,6,0.0003,0.9192,1.0000,,0.00,0.00,,,1.0000,0.0000,0,0.00,0.00,0.00,0.00,0.00,0.0000,0.00,0.0000,1.0000,0.9400,6290.5,34698.0,1891
rhcr_pbs,warehouse_single_dock,zone_50t,closest,60,2048,false,0.0200,6,0.0003,0.9192,,0.0000,0.00,1.00,,,1.0000,0.0000,0,0.00,1.00,4.57,8.00,-3.57,0.0000,,0.4667,1.0000,0.9400,6051.7,20392.0,1882
rhcr_pbs,warehouse_single_dock,zone_50t,closest,60,2048,true,0.0200,6,0.0003,0.9192,1.0000,,0.00,0.00,,,1.0000,0.0000,0,0.00,0.00,0.00,0.00,0.00,0.0000,0.00,0.0000,1.0000,0.9400,5994.5,21101.0,1802
rhcr_pbs,warehouse_single_dock,zone_50t,closest,60,2048,false,0.0200,6,0.0003,0.9192,,0.0000,0.00,1.00,,,1.0000,0.0000,0,0.00,1.00,4.57,8.00,-3.57,0.0000,,0.4667,1.0000,0.9400,6131.5,26265.0,1911
rhcr_pbs,warehouse_single_dock,zone_50t,closest,60,2048,true,0.0933,28,0.0018,0.8413,1.0000,,0.00,0.00,,,1.0000,0.0000,0,0.00,0.00,0.00,0.00,0.00,0.0000,0.00,0.0000,1.0000,0.8867,734170.8,4731664.0,220258
rhcr_pbs,warehouse_single_dock,zone_50t,closest,60,2048,false,0.0933,28,0.0018,0.8413,1.0000,0.0000,0.00,1.00,,,1.0000,0.0000,0,0.00,1.00,5.00,7.00,-4.00,0.0000,42.00,0.0333,0.9997,0.8867,723183.1,4311929.0,216959
rhcr_pbs,warehouse_single_dock,zone_50t,closest,60,2048,true,0.3833,115,0.0077,0.4244,1.0000,,0.00,0.00,,,1.0000,0.0000,0,0.00,0.00,0.00,0.00,0.00,0.0000,0.00,0.0000,1.0000,0.6800,2022200.9,22989219.0,606664
rhcr_pbs,warehouse_single_dock,zone_50t,closest,60,2048,false,0.3000,90,0.0057,0.5692,0.5455,0.0995,,1.00,,,1.0000,-21.7391,2773,0.00,1.00,3.27,6.00,-2.27,2055.0000,,0.1833,0.9972,0.6000,1666420.2,24593420.0,499971
rhcr_pbs,warehouse_single_dock,zone_50t,closest,60,3141,true,0.6000,180,0.0106,0.0924,1.0000,,0.00,0.00,,,1.0000,0.0000,0,0.00,0.00,0.00,0.00,0.00,0.0000,0.00,0.0000,1.0000,0.4600,1306005.6,7248951.0,391806
rhcr_pbs,warehouse_single_dock,zone_50t,closest,60,3141,false,0.6000,180,0.0104,0.1560,1.0000,0.1343,182.00,1.00,,299,1.0000,0.0000,1960,0.17,1.33,2.50,5.00,-1.17,5142.3333,,0.1333,0.9888,0.4867,1002054.8,7959249.0,300631
rhcr_pbs,warehouse_single_dock,zone_50t,closest,60,3141,true,0.0467,14,0.0008,0.8964,1.0000,,0.00,0.00,,,1.0000,0.0000,0,0.00,0.00,0.00,0.00,0.00,0.0000,0.00,0.0000,1.0000,0.0733,6888.0,49394.0,2077
rhcr_pbs,warehouse_single_dock,zone_50t,closest,60,3141,false,0.0467,14,0.0008,0.8964,1.0000,0.0000,0.00,1.00,,,1.0000,0.0000,0,1.07,3.20,3.80,7.00,-0.60,0.0000,,0.2667,0.9998,0.0733,6911.5,48737.0,2117
rhcr_pbs,warehouse_single_dock,zone_50t,closest,60,3141,true,0.0467,14,0.0008,0.8964,1.0000,,0.00,0.00,,,1.0000,0.0000,0,0.00,0.00,0.00,0.00,0.00,0.0000,0.00,0.0000,1.0000,0.0733,6824.2,46205.0,2053
rhcr_pbs,warehouse_single_dock,zone_50t,closest,60,3141,false,0.0467,14,0.0008,0.8964,1.0000,0.0000,0.00,1.00,,,1.0000,0.0000,0,1.07,3.20,3.80,7.00,-0.60,0.0000,,0.2667,0.9998,0.0733,6870.3,49140.0,2112
rhcr_pbs,warehouse_single_dock,zone_50t,closest,60,3141,true,0.6500,195,0.0126,0.1009,1.0000,,0.00,0.00,,,1.0000,0.0000,0,0.00,0.00,0.00,0.00,0.00,0.0000,0.00,0.0000,1.0000,0.6067,458264.1,3498537.0,137483
rhcr_pbs,warehouse_single_dock,zone_50t,closest,60,3141,false,0.6133,184,0.0122,0.1347,0.9203,0.1045,,1.00,,,1.0000,-5.6410,913,0.00,1.00,2.43,4.00,-1.43,4600.3667,,0.1167,0.9877,0.5800,494145.2,3518758.0,148263
rhcr_pbs,warehouse_single_dock,zone_50t,closest,60,3141,true,0.4467,134,0.0082,0.3329,1.0000,,0.00,0.00,,,1.0000,0.0000,0,0.00,0.00,0.00,0.00,0.00,0.0000,0.00,0.0000,1.0000,0.3867,3149124.5,24546473.0,944742
rhcr_pbs,warehouse_single_dock,zone_50t,closest,60,3141,false,0.6167,185,0.0120,0.1293,1.6538,0.0597,92.00,1.00,,217,1.0000,38.0597,494,0.00,1.00,2.50,4.00,-1.50,1904.8333,,0.1000,0.9868,0.5000,4241589.6,24846178.0,1272496
rhcr_pbs,warehouse_single_dock,zone_50t,closest,60,9999,true,0.2567,77,0.0046,0.5177,1.0000,,0.00,0.00,,,1.0000,0.0000,0,0.00,0.00,0.00,0.00,0.00,0.0000,0.00,0.0000,1.0000,0.5467,609303.9,6724954.0,182795
rhcr_pbs,warehouse_single_dock,zone_50t,closest,60,9999,false,0.2267,68,0.0040,0.5873,0.7000,0.0547,,1.00,,,1.0000,-11.6883,721,0.00,1.00,2.50,3.00,-1.50,1336.0000,,0.0333,0.9981,0.8667,600220.9,6494576.0,180077
rhcr_pbs,warehouse_single_dock,zone_50t,closest,60,9999,true,0.0167,5,0.0003,0.9317,1.0000,,0.00,0.00,,,1.0000,0.0000,0,0.00,0.00,0.00,0.00,0.00,0.0000,0.00,0.0000,1.0000,0.0667,5120.7,20170.0,1540
rhcr_pbs,warehouse_single_dock,zone_50t,closest,60,9999,false,0.0167,5,0.0003,0.9317,1.0000,,0.00,0.00,,,1.0000,0.0000,0,0.00,0.00,0.00,0.00,0.00,,,0.0000,1.0000,0.0667,4944.7,15593.0,1483
rhcr_pbs,warehouse_single_dock,zone_50t,closest,60,9999,true,0.0167,5,0.0003,0.9317,1.0000,,0.00,0.00,,,1.0000,0.0000,0,0.00,0.00,0.00,0.00,0.00,0.0000,0.00,0.0000,1.0000,0.0667,5093.6,22481.0,1539
rhcr_pbs,warehouse_single_dock,zone_50t,closest,60,9999,false,0.0167,5,0.0003,0.9317,1.0000,,0.00,0.00,,,1.0000,0.0000,0,0.00,0.00,0.00,0.00,0.00,,,0.0000,1.0000,0.0667,5027.2,20913.0,1508
rhcr_pbs,warehouse_single_dock,zone_50t,closest,60,9999,true,0.5300,159,0.0098,0.2674,1.0000,,0.00,0.00,,,1.0000,0.0000,0,0.00,0.00,0.00,0.00,0.00,0.0000,0.00,0.0000,1.0000,0.7200,518412.6,4428809.0,155528
rhcr_pbs,warehouse_single_dock,zone_50t,closest,60,9999,false,0.3233,97,0.0063,0.5027,0.3981,0.2090,,1.00,,,1.0000,-38.9937,5936,0.50,1.50,2.00,3.00,-0.50,4435.6667,,0.0500,0.9962,0.8067,390973.7,3459423.0,117299
rhcr_pbs,warehouse_single_dock,zone_50t,closest,60,9999,true,0.4500,135,0.0136,0.3313,1.0000,,0.00,0.00,,,1.0000,0.0000,0,0.00,0.00,0.00,0.00,0.00,0.0000,0.00,0.0000,1.0000,0.6267,2954488.9,24339095.0,886351
rhcr_pbs,warehouse_single_dock,zone_50t,closest,60,9999,false,0.6533,196,0.0127,0.0979,1.8026,0.0547,56.00,1.00,,196,1.0000,45.1852,24,0.00,1.00,2.00,2.00,-1.00,1922.6667,,0.0167,0.9867,0.4200,3574219.7,25092215.0,1072270
rhcr_pbs,warehouse_single_dock,zone_50t,closest,60,1337,true,0.6267,188,0.0114,0.0973,1.0000,,0.00,0.00,,,1.0000,0.0000,0,0.00,0.00,0.00,0.00,0.00,0.0000,0.00,0.0000,1.0000,0.4867,1274613.1,6992700.0,382388
rhcr_pbs,warehouse_single_dock,zone_50t,closest,60,1337,false,0.5733,172,0.0102,0.1490,0.8760,0.1592,,1.00,,,1.0000,-8.5106,1381,0.00,1.00,3.33,5.00,-2.33,5572.6667,,0.1000,0.9900,0.5067,1305079.4,7644443.0,391549
rhcr_pbs,warehouse_single_dock,zone_50t,closest,60,1337,true,0.0133,4,0.0002,0.9344,1.0000,,0.00,0.00,,,1.0000,0.0000,0,0.00,0.00,0.00,0.00,0.00,0.0000,0.00,0.0000,1.0000,0.0533,9134.2,31578.0,2744
rhcr_pbs,warehouse_single_dock,zone_50t,closest,60,1337,false,0.0133,4,0.0002,0.9344,,0.0000,0.00,1.00,,,1.0000,0.0000,0,0.00,1.00,4.09,6.00,-3.09,0.0000,,0.1833,1.0000,0.0533,9041.7,24549.0,2750
rhcr_pbs,warehouse_single_dock,zone_50t,closest,60,1337,true,0.0133,4,0.0002,0.9344,1.0000,,0.00,0.00,,,1.0000,0.0000,0,0.00,0.00,0.00,0.00,0.00,0.0000,0.00,0.0000,1.0000,0.0533,9243.4,30129.0,2777
rhcr_pbs,warehouse_single_dock,zone_50t,closest,60,1337,false,0.0133,4,0.0002,0.9344,,0.0000,0.00,1.00,,,1.0000,0.0000,0,0.00,1.00,4.09,6.00,-3.09,0.0000,,0.1833,1.0000,0.0533,8895.9,21427.0,2712
rhcr_pbs,warehouse_single_dock,zone_50t,closest,60,1337,true,0.4000,120,0.0079,0.3902,1.0000,,0.00,0.00,,,1.0000,0.0000,0,0.00,0.00,0.00,0.00,0.00,0.0000,0.00,0.0000,1.0000,0.7267,506118.3,3081561.0,151848
rhcr_pbs,warehouse_single_dock,zone_50t,closest,60,1337,false,0.5567,167,0.0105,0.1391,1.6812,0.0597,98.00,1.00,,216,1.0000,39.1667,858,0.00,1.00,3.50,5.00,-2.50,1638.6667,,0.1333,0.9896,0.6200,513006.6,3737952.0,153931
rhcr_pbs,warehouse_single_dock,zone_50t,closest,60,1337,true,0.1433,43,0.0026,0.7151,1.0000,,0.00,0.00,,,1.0000,0.0000,0,0.00,0.00,0.00,0.00,0.00,0.0000,0.00,0.0000,1.0000,0.9333,1899775.9,20369172.0,569939
rhcr_pbs,warehouse_single_dock,zone_50t,closest,60,1337,false,0.1433,43,0.0026,0.7219,1.0000,0.0299,12.00,1.00,,218,1.0000,0.0000,12,0.00,1.00,4.60,6.00,-3.60,498.0000,,0.0833,0.9993,0.9333,1441508.2,19335587.0,432469
rhcr_pbs,warehouse_single_dock,zone_50t,closest,60,7777,true,0.1100,33,0.0019,0.8429,1.0000,,0.00,0.00,,,1.0000,0.0000,0,0.00,0.00,0.00,0.00,0.00,0.0000,0.00,0.0000,1.0000,0.9000,164853.8,5258609.0,49464
rhcr_pbs,warehouse_single_dock,zone_50t,closest,60,7777,false,0.1100,33,0.0019,0.8429,,0.0000,0.00,1.00,,,1.0000,0.0000,0,0.00,1.00,3.20,4.00,-2.20,0.0000,,0.0833,1.0000,0.9000,153741.0,4842770.0,46141
rhcr_pbs,warehouse_single_dock,zone_50t,closest,60,7777,true,0.0500,15,0.0008,0.9118,1.0000,,0.00,0.00,,,1.0000,0.0000,0,0.00,0.00,0.00,0.00,0.00,0.0000,0.00,0.0000,1.0000,0.1200,4280.4,44061.0,1297
rhcr_pbs,warehouse_single_dock,zone_50t,closest,60,7777,false,0.0500,15,0.0008,0.9118,1.0000,0.0000,0.00,1.00,,,1.0000,0.0000,0,0.00,1.00,6.00,9.00,-5.00,0.0000,12.00,0.1500,0.9999,0.1200,4194.6,34100.0,1292
rhcr_pbs,warehouse_single_dock,zone_50t,closest,60,7777,true,0.0500,15,0.0008,0.9118,1.0000,,0.00,0.00,,,1.0000,0.0000,0,0.00,0.00,0.00,0.00,0.00,0.0000,0.00,0.0000,1.0000,0.1200,4152.8,34836.0,1250
rhcr_pbs,warehouse_single_dock,zone_50t,closest,60,7777,false,0.0500,15,0.0008,0.9118,1.0000,0.0000,0.00,1.00,,,1.0000,0.0000,0,0.00,1.00,6.00,9.00,-5.00,0.0000,12.00,0.1500,0.9999,0.1200,4179.3,31762.0,1282
rhcr_pbs,warehouse_single_dock,zone_50t,closest,60,7777,true,0.5933,178,0.0111,0.1676,1.0000,,0.00,0.00,,,1.0000,0.0000,0,0.00,0.00,0.00,0.00,0.00,0.0000,0.00,0.0000,1.0000,0.6200,485465.5,3328669.0,145644
rhcr_pbs,warehouse_single_dock,zone_50t,closest,60,7777,false,0.3367,101,0.0063,0.5318,0.3246,0.2289,,1.00,,,1.0000,-43.2584,6825,0.00,1.00,3.06,7.00,-2.06,5604.3333,,0.2833,0.9966,0.3000,400693.4,2612106.0,120274
rhcr_pbs,warehouse_single_dock,zone_50t,closest,60,7777,true,0.6600,198,0.0128,0.1059,1.0000,,0.00,0.00,,,1.0000,0.0000,0,0.00,0.00,0.00,0.00,0.00,0.0000,0.00,0.0000,1.0000,0.3933,3605862.9,26785592.0,1081764
rhcr_pbs,warehouse_single_dock,zone_50t,closest,60,7777,false,0.6333,190,0.0117,0.1432,0.9394,0.1343,,1.00,,,1.0000,-4.0404,1085,0.09,1.09,4.36,7.00,-3.27,5731.0000,,0.2000,0.9885,0.3733,2881697.5,26396571.0,864549
rhcr_pbs,warehouse_single_dock,zone_50t,closest,60,11,true,0.6367,191,0.0117,0.0889,1.0000,,0.00,0.00,,,1.0000,0.0000,0,0.00,0.00,0.00,0.00,0.00,0.0000,0.00,0.0000,1.0000,0.4733,1233677.8,6657928.0,370115
rhcr_pbs,warehouse_single_dock,zone_50t,closest,60,11,false,0.5800,174,0.0104,0.1886,0.8651,0.1493,,1.00,,,1.0000,-8.9005,3119,0.12,1.15,4.42,9.00,-3.27,5132.0000,,0.4667,0.9906,0.4467,1451130.5,8444057.0,435454
rhcr_pbs,warehouse_single_dock,zone_50t,closest,60,11,true,0.0267,8,0.0004,0.9164,1.0000,,0.00,0.00,,,1.0000,0.0000,0,0.00,0.00,0.00,0.00,0.00,0.0000,0.00,0.0000,1.0000,0.0533,7391.3,32416.0,2222
rhcr_pbs,warehouse_single_dock,zone_50t,closest,60,11,false,0.0267,8,0.0004,0.9164,,0.0000,0.00,1.00,,,1.0000,0.0000,0,0.00,1.00,4.41,7.00,-3.41,0.0000,,0.4833,1.0000,0.0533,7365.9,29398.0,2298
rhcr_pbs,warehouse_single_dock,zone_50t,closest,60,11,true,0.0267,8,0.0004,0.9164,1.0000,,0.00,0.00,,,1.0000,0.0000,0,0.00,0.00,0.00,0.00,0.00,0.0000,0.00,0.0000,1.0000,0.0533,7484.8,26754.0,2250
rhcr_pbs,warehouse_single_dock,zone_50t,closest,60,11,false,0.0267,8,0.0004,0.9164,,0.0000,0.00,1.00,,,1.0000,0.0000,0,0.00,1.00,4.41,7.00,-3.41,0.0000,,0.4833,1.0000,0.0533,7197.1,26657.0,2255
rhcr_pbs,warehouse_single_dock,zone_50t,closest,60,11,true,0.1833,55,0.0038,0.6894,1.0000,,0.00,0.00,,,1.0000,0.0000,0,0.00,0.00,0.00,0.00,0.00,0.0000,0.00,0.0000,1.0000,0.9600,310948.3,2669992.0,93289
rhcr_pbs,warehouse_single_dock,zone_50t,closest,60,11,false,0.1700,51,0.0035,0.7095,0.6000,0.0398,,1.00,,,1.0000,-7.2727,674,0.00,1.00,4.11,6.00,-3.11,724.0000,,0.1500,0.9995,0.9600,366816.3,2791536.0,110076
rhcr_pbs,warehouse_single_dock,zone_50t,closest,60,11,true,0.6100,183,0.0116,0.1122,1.0000,,0.00,0.00,,,1.0000,0.0000,0,0.00,0.00,0.00,0.00,0.00,0.0000,0.00,0.0000,1.0000,0.5400,3643879.2,27356019.0,1093168
rhcr_pbs,warehouse_single_dock,zone_50t,closest,60,11,false,0.3167,95,0.0061,0.5266,0.3071,0.2886,,1.00,,,1.0000,-48.0874,7482,0.07,1.07,3.07,5.00,-2.00,6453.3333,,0.2667,0.9965,0.6867,3540400.5,26802094.0,1062167
rhcr_pbs,warehouse_single_dock,zone_50t,closest,60,22,true,0.1267,38,0.0022,0.8289,1.0000,,0.00,0.00,,,1.0000,0.0000,0,0.00,0.00,0.00,0.00,0.00,0.0000,0.00,0.0000,1.0000,0.3267,322519.2,5793978.0,96760
rhcr_pbs,warehouse_single_dock,zone_50t,closest,60,22,false,0.1333,40,0.0023,0.8259,2.0000,0.0100,10.00,1.00,,140,1.0000,5.2632,16,0.00,1.00,3.00,3.00,-2.00,62.0000,,0.0500,0.9997,0.3467,425288.0,5665635.0,127599
rhcr_pbs,warehouse_single_dock,zone_50t,closest,60,22,true,0.0333,10,0.0006,0.9148,1.0000,,0.00,0.00,,,1.0000,0.0000,0,0.00,0.00,0.00,0.00,0.00,0.0000,0.00,0.0000,1.0000,0.0533,18818.7,52746.0,5658
rhcr_pbs,warehouse_single_dock,zone_50t,closest,60,22,false,0.0333,10,0.0006,0.9148,,0.0000,0.00,1.00,,,1.0000,0.0000,0,0.00,1.00,3.47,5.00,-2.47,0.0000,,0.2833,1.0000,0.0533,18524.0,45228.0,5590
rhcr_pbs,warehouse_single_dock,zone_50t,closest,60,22,true,0.0333,10,0.0006,0.9148,1.0000,,0.00,0.00,,,1.0000,0.0000,0,0.00,0.00,0.00,0.00,0.00,0.0000,0.00,0.0000,1.0000,0.0533,18872.9,73191.0,5666
rhcr_pbs,warehouse_single_dock,zone_50t,closest,60,22,false,0.0333,10,0.0006,0.9148,,0.0000,0.00,1.00,,,1.0000,0.0000,0,0.00,1.00,3.47,5.00,-2.47,0.0000,,0.2833,1.0000,0.0533,18654.5,47638.0,5632
rhcr_pbs,warehouse_single_dock,zone_50t,closest,60,22,true,0.3867,116,0.0074,0.4624,1.0000,,0.00,0.00,,,1.0000,0.0000,0,0.00,0.00,0.00,0.00,0.00,0.0000,0.00,0.0000,1.0000,0.7267,667567.2,3180029.0,200277
rhcr_pbs,warehouse_single_dock,zone_50t,closest,60,22,false,0.3000,90,0.0061,0.5805,0.4348,0.0896,,1.00,,,1.0000,-22.4138,3804,0.23,1.23,5.09,8.00,-3.86,1096.3333,,0.4167,0.9978,0.3289,609145.9,2674089.0,182823
rhcr_pbs,warehouse_single_dock,zone_50t,closest,60,22,true,0.1067,32,0.0022,0.8293,1.0000,,0.00,0.00,,,1.0000,0.0000,0,0.00,0.00,0.00,0.00,0.00,0.0000,0.00,0.0000,1.0000,0.9067,2449375.7,26659091.0,734817
rhcr_pbs,warehouse_single_dock,zone_50t,closest,60,22,false,0.1133,34,0.0023,0.8245,2.0000,0.0100,52.00,1.00,,178,1.0000,6.2500,100,0.00,1.00,2.50,4.00,-1.50,54.0000,,0.1000,0.9996,0.9067,2612629.9,26661245.0,783802
rhcr_pbs,warehouse_single_dock,zone_50t,closest,60,33,true,0.3900,117,0.0072,0.4312,1.0000,,0.00,0.00,,,1.0000,0.0000,0,0.00,0.00,0.00,0.00,0.00,0.0000,0.00,0.0000,1.0000,0.3267,961491.9,8132940.0,288452
rhcr_pbs,warehouse_single_dock,zone_50t,closest,60,33,false,0.6433,193,0.0119,0.1144,2.5833,0.0149,2.00,1.00,,152,1.0000,64.9573,2,0.00,1.00,1.00,1.00,0.00,1228.0000,,0.0167,0.9889,0.4933,1050693.7,7285664.0,315212
rhcr_pbs,warehouse_single_dock,zone_50t,closest,60,33,true,0.0267,8,0.0004,0.9104,1.0000,,0.00,0.00,,,1.0000,0.0000,0,0.00,0.00,0.00,0.00,0.00,0.0000,0.00,0.0000,1.0000,0.0333,4386.4,34227.0,1320
rhcr_pbs,warehouse_single_dock,zone_50t,closest,60,33,false,0.0267,8,0.0004,0.9104,,0.0000,0.00,1.00,,,1.0000,0.0000,0,0.00,1.00,2.00,2.00,-1.00,0.0000,,0.0333,1.0000,0.0333,4215.3,33671.0,1270
rhcr_pbs,warehouse_single_dock,zone_50t,closest,60,33,true,0.0267,8,0.0004,0.9104,1.0000,,0.00,0.00,,,1.0000,0.0000,0,0.00,0.00,0.00,0.00,0.00,0.0000,0.00,0.0000,1.0000,0.0333,4352.5,44966.0,1316
rhcr_pbs,warehouse_single_dock,zone_50t,closest,60,33,false,0.0267,8,0.0004,0.9104,,0.0000,0.00,1.00,,,1.0000,0.0000,0,0.00,1.00,2.00,2.00,-1.00,0.0000,,0.0333,1.0000,0.0333,4225.4,34502.0,1273
rhcr_pbs,warehouse_single_dock,zone_50t,closest,60,33,true,0.1467,44,0.0026,0.8033,1.0000,,0.00,0.00,,,1.0000,0.0000,0,0.00,0.00,0.00,0.00,0.00,0.0000,0.00,0.0000,1.0000,0.8800,402912.7,4309876.0,120878
rhcr_pbs,warehouse_single_dock,zone_50t,closest,60,33,false,0.1467,44,0.0026,0.8033,1.0000,,0.00,0.00,,,1.0000,0.0000,0,0.00,0.00,0.00,0.00,0.00,,,0.0000,1.0000,0.8800,386259.0,4132848.0,115878
rhcr_pbs,warehouse_single_dock,zone_50t,closest,60,33,true,0.6800,204,0.0137,0.1113,1.0000,,0.00,0.00,,,1.0000,0.0000,0,0.00,0.00,0.00,0.00,0.00,0.0000,0.00,0.0000,1.0000,0.4733,3554891.5,24838384.0,1066472
rhcr_pbs,warehouse_single_dock,zone_50t,closest,60,33,false,0.6733,202,0.0131,0.1134,0.9850,0.1045,,1.00,,,1.0000,-0.9804,266,0.00,1.00,2.00,3.00,-1.00,4004.5000,,0.0667,0.9873,0.3667,3194432.7,27794152.0,958344
rhcr_pbs,warehouse_single_dock,zone_50t,closest,60,44,true,0.4667,140,0.0082,0.3033,1.0000,,0.00,0.00,,,1.0000,0.0000,0,0.00,0.00,0.00,0.00,0.00,0.0000,0.00,0.0000,1.0000,0.4533,1693874.0,7510208.0,508167
rhcr_pbs,warehouse_single_dock,zone_50t,closest,60,44,false,0.6367,191,0.0112,0.0986,1.6538,0.0746,98.00,1.00,,210,1.0000,36.4286,341,0.33,1.33,3.67,6.00,-2.33,2253.1333,,0.0667,0.9886,0.3400,1326702.8,7885776.0,398026
rhcr_pbs,warehouse_single_dock,zone_50t,closest,60,44,true,0.0267,8,0.0004,0.9355,1.0000,,0.00,0.00,,,1.0000,0.0000,0,0.00,0.00,0.00,0.00,0.00,0.0000,0.00,0.0000,1.0000,0.0467,4692.3,30379.0,1412
rhcr_pbs,warehouse_single_dock,zone_50t,closest,60,44,false,0.0267,8,0.0004,0.9355,,0.0000,0.00,1.00,,,1.0000,0.0000,0,0.00,1.00,2.75,3.00,-1.75,0.0000,,0.0667,1.0000,0.0467,4572.8,30128.0,1383
rhcr_pbs,warehouse_single_dock,zone_50t,closest,60,44,true,0.0267,8,0.0004,0.9355,1.0000,,0.00,0.00,,,1.0000,0.0000,0,0.00,0.00,0.00,0.00,0.00,0.0000,0.00,0.0000,1.0000,0.0467,4742.3,27531.0,1427
rhcr_pbs,warehouse_single_dock,zone_50t,closest,60,44,false,0.0267,8,0.0004,0.9355,,0.0000,0.00,1.00,,,1.0000,0.0000,0,0.00,1.00,2.75,3.00,-1.75,0.0000,,0.0667,1.0000,0.0467,4657.0,30138.0,1408
rhcr_pbs,warehouse_single_dock,zone_50t,closest,60,44,true,0.6167,185,0.0122,0.1040,1.0000,,0.00,0.00,,,1.0000,0.0000,0,0.00,0.00,0.00,0.00,0.00,0.0000,0.00,0.0000,1.0000,0.6067,482597.0,2805569.0,144783
rhcr_pbs,warehouse_single_dock,zone_50t,closest,60,44,false,0.6167,185,0.0122,0.1040,1.0000,,0.00,0.00,,,1.0000,0.0000,0,0.00,0.00,0.00,0.00,0.00,,,0.0000,1.0000,0.6067,483665.8,2826572.0,145100
rhcr_pbs,warehouse_single_dock,zone_50t,closest,60,44,true,0.3533,106,0.0062,0.4846,1.0000,,0.00,0.00,,,1.0000,0.0000,0,0.00,0.00,0.00,0.00,0.00,0.0000,0.00,0.0000,1.0000,0.6733,2085770.4,20240504.0,625735
rhcr_pbs,warehouse_single_dock,zone_50t,closest,60,44,false,0.6267,188,0.0121,0.1007,2.7826,0.0498,42.00,1.00,,158,1.0000,77.3585,100,0.00,1.00,1.67,3.00,-0.67,822.0000,,0.0500,0.9872,0.2533,3597561.7,22965105.0,1079277
rhcr_pbs,warehouse_single_dock,zone_50t,closest,60,55,true,0.1333,40,0.0023,0.7853,1.0000,,0.00,0.00,,,1.0000,0.0000,0,0.00,0.00,0.00,0.00,0.00,0.0000,0.00,0.0000,1.0000,0.8267,904745.4,6507055.0,271428
rhcr_pbs,warehouse_single_dock,zone_50t,closest,60,55,false,0.1333,40,0.0023,0.7853,1.0000,0.0000,0.00,1.00,,,1.0000,0.0000,0,0.00,1.00,2.00,2.00,-1.00,0.0000,,0.0167,0.9999,0.8267,950231.5,6454768.0,285073
rhcr_pbs,warehouse_single_dock,zone_50t,closest,60,55,true,0.0333,10,0.0006,0.9183,1.0000,,0.00,0.00,,,1.0000,0.0000,0,0.00,0.00,0.00,0.00,0.00,0.0000,0.00,0.0000,1.0000,0.0333,6652.7,32953.0,2000
rhcr_pbs,warehouse_single_dock,zone_50t,closest,60,55,false,0.0333,10,0.0006,0.9183,,0.0000,0.00,1.00,,,1.0000,0.0000,0,0.00,1.00,1.00,1.00,0.00,0.0000,,0.0167,1.0000,0.0333,6531.8,34221.0,1964
rhcr_pbs,warehouse_single_dock,zone_50t,closest,60,55,true,0.0333,10,0.0006,0.9183,1.0000,,0.00,0.00,,,1.0000,0.0000,0,0.00,0.00,0.00,0.00,0.00,0.0000,0.00,0.0000,1.0000,0.0333,6735.3,36253.0,2025
rhcr_pbs,warehouse_single_dock,zone_50t,closest,60,55,false,0.0333,10,0.0006,0.9183,,0.0000,0.00,1.00,,,1.0000,0.0000,0,0.00,1.00,1.00,1.00,0.00,0.0000,,0.0167,1.0000,0.0333,6443.6,31419.0,1936
rhcr_pbs,warehouse_single_dock,zone_50t,closest,60,55,true,0.1567,47,0.0031,0.7689,1.0000,,0.00,0.00,,,1.0000,0.0000,0,0.00,0.00,0.00,0.00,0.00,0.0000,0.00,0.0000,1.0000,0.2867,592577.7,3443055.0,177782
rhcr_pbs,warehouse_single_dock,zone_50t,closest,60,55,false,0.1567,47,0.0031,0.7689,1.0000,,0.00,0.00,,,1.0000,0.0000,0,0.00,0.00,0.00,0.00,0.00,,,0.0000,1.0000,0.2867,595044.5,3491936.0,178513
rhcr_pbs,warehouse_single_dock,zone_50t,closest,60,55,true,0.6367,191,0.0122,0.0802,1.0000,,0.00,0.00,,,1.0000,0.0000,0,0.00,0.00,0.00,0.00,0.00,0.0000,0.00,0.0000,1.0000,0.3133,3228993.2,23676199.0,968702
rhcr_pbs,warehouse_single_dock,zone_50t,closest,60,55,false,0.6533,196,0.0125,0.1045,1.0403,0.1244,166.00,1.00,,280,1.0000,2.6178,584,0.00,1.00,4.00,6.00,-3.00,4134.3333,,0.0333,0.9881,0.3800,3990820.6,28078269.0,1197257
rhcr_pbs,warehouse_single_dock,zone_50t,closest,60,101,true,0.6233,187,0.0109,0.0941,1.0000,,0.00,0.00,,,1.0000,0.0000,0,0.00,0.00,0.00,0.00,0.00,0.0000,0.00,0.0000,1.0000,0.4533,1171997.2,7141635.0,351609
rhcr_pbs,warehouse_single_dock,zone_50t,closest,60,101,false,0.2900,87,0.0051,0.5752,0.1935,0.2985,,1.00,,,1.0000,-53.4759,8240,0.12,1.12,3.88,7.00,-2.76,7307.0000,,0.3167,0.9978,0.3533,934520.9,5545915.0,280413
rhcr_pbs,warehouse_single_dock,zone_50t,closest,60,101,true,0.0167,5,0.0003,0.9072,1.0000,,0.00,0.00,,,1.0000,0.0000,0,0.00,0.00,0.00,0.00,0.00,0.0000,0.00,0.0000,1.0000,0.9467,7852.6,29544.0,2360
rhcr_pbs,warehouse_single_dock,zone_50t,closest,60,101,false,0.0167,5,0.0003,0.9072,,0.0000,0.00,1.00,,,1.0000,0.0000,0,0.00,1.00,3.93,7.00,-2.93,0.0000,,0.5000,1.0000,0.9467,7686.3,30200.0,2380
rhcr_pbs,warehouse_single_dock,zone_50t,closest,60,101,true,0.0167,5,0.0003,0.9072,1.0000,,0.00,0.00,,,1.0000,0.0000,0,0.00,0.00,0.00,0.00,0.00,0.0000,0.00,0.0000,1.0000,0.9467,7944.7,33118.0,2387
rhcr_pbs,warehouse_single_dock,zone_50t,closest,60,101,false,0.0167,5,0.0003,0.9072,,0.0000,0.00,1.00,,,1.0000,0.0000,0,0.00,1.00,3.93,7.00,-2.93,0.0000,,0.5000,1.0000,0.9467,7648.3,29655.0,2369
rhcr_pbs,warehouse_single_dock,zone_50t,closest,60,101,true,0.4800,144,0.0091,0.2747,1.0000,,0.00,0.00,,,1.0000,0.0000,0,0.00,0.00,0.00,0.00,0.00,0.0000,0.00,0.0000,1.0000,0.4600,444793.0,2580751.0,133442
rhcr_pbs,warehouse_single_dock,zone_50t,closest,60,101,false,0.3700,111,0.0066,0.4096,0.6118,0.1393,,1.00,,,1.0000,-22.9167,4730,0.00,1.00,3.21,6.00,-2.21,2478.6667,,0.4667,0.9952,0.6800,504794.0,4173282.0,151539
rhcr_pbs,warehouse_single_dock,zone_50t,closest,60,101,true,0.5900,177,0.0111,0.0980,1.0000,,0.00,0.00,,,1.0000,0.0000,0,0.00,0.00,0.00,0.00,0.00,0.0000,0.00,0.0000,1.0000,0.4067,3642215.2,26127554.0,1092669
rhcr_pbs,warehouse_single_dock,zone_50t,closest,60,101,false,0.4267,128,0.0079,0.3734,0.5812,0.3483,,1.00,,,1.0000,-27.6836,3485,0.16,1.16,4.84,9.00,-3.68,7569.0000,,0.3667,0.9939,0.3067,2870702.1,24635148.0,861294
rhcr_pbs,warehouse_single_dock,zone_50t,closest,60,202,true,0.6133,184,0.0109,0.0960,1.0000,,0.00,0.00,,,1.0000,0.0000,0,0.00,0.00,0.00,0.00,0.00,0.0000,0.00,0.0000,1.0000,0.5400,1215912.8,7007971.0,364778
rhcr_pbs,warehouse_single_dock,zone_50t,closest,60,202,false,0.6133,184,0.0109,0.0960,1.0000,,0.00,0.00,,,1.0000,0.0000,0,0.00,0.00,0.00,0.00,0.00,,,0.0000,1.0000,0.5400,1200535.9,6938813.0,360161
rhcr_pbs,warehouse_single_dock,zone_50t,closest,60,202,true,0.0300,9,0.0005,0.9247,1.0000,,0.00,0.00,,,1.0000,0.0000,0,0.00,0.00,0.00,0.00,0.00,0.0000,0.00,0.0000,1.0000,0.0533,2693.1,16677.0,812
rhcr_pbs,warehouse_single_dock,zone_50t,closest,60,202,false,0.0300,9,0.0005,0.9247,1.0000,,0.00,0.00,,,1.0000,0.0000,0,0.00,0.00,0.00,0.00,0.00,,,0.0000,1.0000,0.0533,2703.9,20146.0,811
rhcr_pbs,warehouse_single_dock,zone_50t,closest,60,202,true,0.0300,9,0.0005,0.9247,1.0000,,0.00,0.00,,,1.0000,0.0000,0,0.00,0.00,0.00,0.00,0.00,0.0000,0.00,0.0000,1.0000,0.0533,2736.0,22593.0,825
rhcr_pbs,warehouse_single_dock,zone_50t,closest,60,202,false,0.0300,9,0.0005,0.9247,1.0000,,0.00,0.00,,,1.0000,0.0000,0,0.00,0.00,0.00,0.00,0.00,,,0.0000,1.0000,0.0533,2719.1,16837.0,815
rhcr_pbs,warehouse_single_dock,zone_50t,closest,60,202,true,0.1033,31,0.0024,0.8184,1.0000,,0.00,0.00,,,1.0000,0.0000,0,0.00,0.00,0.00,0.00,0.00,0.0000,0.00,0.0000,1.0000,0.9333,652297.1,4195928.0,195695
rhcr_pbs,warehouse_single_dock,zone_50t,closest,60,202,false,0.1033,31,0.0024,0.8184,1.0000,0.0000,0.00,1.00,,,1.0000,0.0000,0,0.00,1.00,2.00,2.00,-1.00,0.0000,1.00,0.0333,0.9998,0.9333,641865.5,4073324.0,192566
rhcr_pbs,warehouse_single_dock,zone_50t,closest,60,202,true,0.2967,89,0.0052,0.5268,1.0000,,0.00,0.00,,,1.0000,0.0000,0,0.00,0.00,0.00,0.00,0.00,0.0000,0.00,0.0000,1.0000,0.8333,5122216.4,22883122.0,1536669
rhcr_pbs,warehouse_single_dock,zone_50t,closest,60,202,false,0.5900,177,0.0105,0.1172,3.6667,0.0249,0.00,1.00,,,1.0000,98.8764,0,0.00,1.00,3.50,5.00,-2.50,733.5000,,0.0333,0.9891,0.4600,2373589.0,25439732.0,712084
rhcr_pbs,warehouse_single_dock,zone_50t,closest,60,303,true,0.6800,204,0.0126,0.1155,1.0000,,0.00,0.00,,,1.0000,0.0000,0,0.00,0.00,0.00,0.00,0.00,0.0000,0.00,0.0000,1.0000,0.4067,1018999.0,6372104.0,305709
rhcr_pbs,warehouse_single_dock,zone_50t,closest,60,303,false,0.5133,154,0.0091,0.2416,0.6350,0.1940,,1.00,,,1.0000,-24.5098,5067,0.00,1.00,6.03,14.00,-5.03,5326.0000,,0.5167,0.9924,0.5667,1085537.8,7578022.0,325781
rhcr_pbs,warehouse_single_dock,zone_50t,closest,60,303,true,0.0167,5,0.0003,0.9358,1.0000,,0.00,0.00,,,1.0000,0.0000,0,0.00,0.00,0.00,0.00,0.00,0.0000,0.00,0.0000,1.0000,0.0600,4757.3,29136.0,1432
rhcr_pbs,warehouse_single_dock,zone_50t,closest,60,303,false,0.0167,5,0.0003,0.9358,,0.0000,0.00,1.00,,,1.0000,0.0000,0,0.00,1.00,4.70,9.00,-3.70,0.0000,,0.6667,1.0000,0.0600,4688.9,24203.0,1503
rhcr_pbs,warehouse_single_dock,zone_50t,closest,60,303,true,0.0167,5,0.0003,0.9358,1.0000,,0.00,0.00,,,1.0000,0.0000,0,0.00,0.00,0.00,0.00,0.00,0.0000,0.00,0.0000,1.0000,0.0600,4855.5,29229.0,1461
rhcr_pbs,warehouse_single_dock,zone_50t,closest,60,303,false,0.0167,5,0.0003,0.9358,,0.0000,0.00,1.00,,,1.0000,0.0000,0,0.00,1.00,4.70,9.00,-3.70,0.0000,,0.6667,1.0000,0.0600,4734.1,28977.0,1530
rhcr_pbs,warehouse_single_dock,zone_50t,closest,60,303,true,0.6067,182,0.0116,0.1600,1.0000,,0.00,0.00,,,1.0000,0.0000,0,0.00,0.00,0.00,0.00,0.00,0.0000,0.00,0.0000,1.0000,0.6200,519028.5,3343434.0,155713
rhcr_pbs,warehouse_single_dock,zone_50t,closest,60,303,false,0.4967,149,0.0101,0.2980,0.7155,0.1791,,1.00,,,1.0000,-18.1319,4137,0.03,1.03,4.06,7.00,-3.03,4978.8333,,0.5500,0.9915,0.5733,575566.5,3571832.0,172815
rhcr_pbs,warehouse_single_dock,zone_50t,closest,60,303,true,0.6600,198,0.0124,0.0991,1.0000,,0.00,0.00,,,1.0000,0.0000,0,0.00,0.00,0.00,0.00,0.00,0.0000,0.00,0.0000,1.0000,0.3867,3415567.8,24249933.0,1024687
rhcr_pbs,warehouse_single_dock,zone_50t,closest,60,303,false,0.5933,178,0.0111,0.2114,0.8485,0.1443,,1.00,,,1.0000,-10.1010,5258,0.00,1.00,4.97,9.00,-3.97,6046.3333,,0.5167,0.9897,0.4333,3341227.8,23077372.0,1002488
rhcr_pbs,warehouse_single_dock,zone_50t,closest,60,404,true,0.1700,51,0.0156,0.7444,1.0000,,0.00,0.00,,,1.0000,0.0000,0,0.00,0.00,0.00,0.00,0.00,0.0000,0.00,0.0000,1.0000,0.8867,1073093.3,7286905.0,321932
rhcr_pbs,warehouse_single_dock,zone_50t,closest,60,404,false,0.1700,51,0.0156,0.7444,1.0000,0.0000,0.00,1.00,,,1.0000,0.0000,0,0.00,1.00,4.67,8.00,-3.67,0.0000,8.00,0.2500,0.9833,0.8867,1037967.2,6982162.0,311441
rhcr_pbs,warehouse_single_dock,zone_50t,closest,60,404,true,0.0400,12,0.0007,0.9163,1.0000,,0.00,0.00,,,1.0000,0.0000,0,0.00,0.00,0.00,0.00,0.00,0.0000,0.00,0.0000,1.0000,0.0333,5112.9,29287.0,1538
rhcr_pbs,warehouse_single_dock,zone_50t,closest,60,404,false,0.0400,12,0.0007,0.9163,1.0000,0.0000,0.00,1.00,,,1.0000,0.0000,0,0.00,1.00,4.50,6.00,-3.50,0.0000,26.00,0.2333,0.9999,0.0333,4990.3,36898.0,1538
rhcr_pbs,warehouse_single_dock,zone_50t,closest,60,404,true,0.0400,12,0.0007,0.9163,1.0000,,0.00,0.00,,,1.0000,0.0000,0,0.00,0.00,0.00,0.00,0.00,0.0000,0.00,0.0000,1.0000,0.0333,5083.5,29129.0,1529
rhcr_pbs,warehouse_single_dock,zone_50t,closest,60,404,false,0.0400,12,0.0007,0.9163,1.0000,0.0000,0.00,1.00,,,1.0000,0.0000,0,0.00,1.00,4.50,6.00,-3.50,0.0000,26.00,0.2333,0.9999,0.0333,4956.2,28981.0,1534
rhcr_pbs,warehouse_single_dock,zone_50t,closest,60,404,true,0.1600,48,0.0031,0.6987,1.0000,,0.00,0.00,,,1.0000,0.0000,0,0.00,0.00,0.00,0.00,0.00,0.0000,0.00,0.0000,1.0000,0.8800,782090.7,3910556.0,234635
rhcr_pbs,warehouse_single_dock,zone_50t,closest,60,404,false,0.1767,53,0.0033,0.6852,2.0000,0.0149,40.00,1.00,,212,1.0000,10.4167,46,0.00,1.00,4.38,7.00,-3.38,336.0000,,0.1333,0.9992,0.8800,469597.4,3021663.0,140901
rhcr_pbs,warehouse_single_dock,zone_50t,closest,60,404,true,0.4000,120,0.0073,0.4095,1.0000,,0.00,0.00,,,1.0000,0.0000,0,0.00,0.00,0.00,0.00,0.00,0.0000,0.00,0.0000,1.0000,0.3933,2417903.5,22350666.0,725375
rhcr_pbs,warehouse_single_dock,zone_50t,closest,60,404,false,0.5667,170,0.0106,0.1877,1.9091,0.0697,106.00,1.00,,216,1.0000,41.6667,1306,0.09,1.09,4.91,8.00,-3.82,1386.0000,,0.4000,0.9902,0.3533,3998032.3,22133145.0,1199489
rhcr_pbs,warehouse_single_dock,zone_50t,closest,60,505,true,0.3033,91,0.0056,0.5590,1.0000,,0.00,0.00,,,1.0000,0.0000,0,0.00,0.00,0.00,0.00,0.00,0.0000,0.00,0.0000,1.0000,0.7533,980664.9,6033880.0,294204
rhcr_pbs,warehouse_single_dock,zone_50t,closest,60,505,false,0.6067,182,0.0112,0.1438,5.3333,0.0398,48.00,1.00,,168,1.0000,100.0000,240,0.00,1.00,5.42,10.00,-4.42,711.0000,,0.2000,0.9896,0.4200,996055.2,6031220.0,298868
rhcr_pbs,warehouse_single_dock,zone_50t,closest,60,505,true,0.0367,11,0.0006,0.9171,1.0000,,0.00,0.00,,,1.0000,0.0000,0,0.00,0.00,0.00,0.00,0.00,0.0000,0.00,0.0000,1.0000,0.0533,2612.9,39076.0,788
rhcr_pbs,warehouse_single_dock,zone_50t,closest,60,505,false,0.0367,11,0.0006,0.9171,,0.0000,0.00,1.00,,,1.0000,0.0000,0,0.00,1.00,4.23,6.00,-3.23,0.0000,,0.2167,1.0000,0.0533,2602.1,35072.0,816
rhcr_pbs,warehouse_single_dock,zone_50t,closest,60,505,true,0.0367,11,0.0006,0.9171,1.0000,,0.00,0.00,,,1.0000,0.0000,0,0.00,0.00,0.00,0.00,0.00,0.0000,0.00,0.0000,1.0000,0.0533,2602.8,39214.0,785
rhcr_pbs,warehouse_single_dock,zone_50t,closest,60,505,false,0.0367,11,0.0006,0.9171,,0.0000,0.00,1.00,,,1.0000,0.0000,0,0.00,1.00,4.23,6.00,-3.23,0.0000,,0.2167,1.0000,0.0533,2638.1,38563.0,824
rhcr_pbs,warehouse_single_dock,zone_50t,closest,60,505,true,0.1233,37,0.0022,0.8133,1.0000,,0.00,0.00,,,1.0000,0.0000,0,0.00,0.00,0.00,0.00,0.00,0.0000,0.00,0.0000,1.0000,0.9200,348827.8,2982238.0,104652
rhcr_pbs,warehouse_single_dock,zone_50t,closest,60,505,false,0.1300,39,0.0023,0.7871,1.5000,0.0149,32.00,1.00,,162,1.0000,5.4054,32,0.00,1.00,4.62,10.00,-3.62,382.0000,,0.1333,0.9995,0.9333,305201.4,2310070.0,91583
rhcr_pbs,warehouse_single_dock,zone_50t,closest,60,505,true,0.6400,192,0.0126,0.0884,1.0000,,0.00,0.00,,,1.0000,0.0000,0,0.00,0.00,0.00,0.00,0.00,0.0000,0.00,0.0000,1.0000,0.3133,2749631.0,23594664.0,824894
rhcr_pbs,warehouse_single_dock,zone_50t,closest,60,505,false,0.5600,168,0.0109,0.1751,0.8154,0.1592,,1.00,,,1.0000,-12.5000,3641,0.05,1.05,3.74,6.00,-2.68,6494.3333,,0.3333,0.9900,0.4533,3346638.9,23285757.0,1004053
rhcr_pbs,warehouse_single_dock,intermittent_80s80m15r,closest,60,42,true,0.4300,129,0.0085,0.3937,1.0000,,0.00,0.00,,,1.0000,0.0000,0,0.00,0.00,0.00,0.00,0.00,0.0000,0.00,0.0000,1.0000,0.7467,1019058.8,7334512.0,305729
rhcr_pbs,warehouse_single_dock,intermittent_80s80m15r,closest,60,42,false,0.5067,152,0.0100,0.2823,1.3067,0.0909,154.00,1.00,1.89,246,1.0000,17.8295,1135,0.27,1.32,4.39,12.00,-3.07,2450.5000,,0.9333,0.9905,0.4133,1331490.0,6862673.0,400092
rhcr_pbs,warehouse_single_dock,intermittent_80s80m15r,closest,60,42,true,0.0267,8,0.0004,0.9341,1.0000,,0.00,0.00,,,1.0000,0.0000,0,0.00,0.00,0.00,0.00,0.00,0.0000,0.00,0.0000,1.0000,0.0400,16443.8,48001.0,4937
rhcr_pbs,warehouse_single_dock,intermittent_80s80m15r,closest,60,42,false,0.0267,8,0.0004,0.9341,1.0000,0.0000,0.00,1.00,1.89,,1.0000,0.0000,0,0.74,2.52,4.52,9.00,-2.00,0.0000,11.00,1.0000,0.9998,0.0400,16215.4,41716.0,5485
rhcr_pbs,warehouse_single_dock,intermittent_80s80m15r,closest,60,42,true,0.0267,8,0.0004,0.9341,1.0000,,0.00,0.00,,,1.0000,0.0000,0,0.00,0.00,0.00,0.00,0.00,0.0000,0.00,0.0000,1.0000,0.0400,16500.1,48323.0,4954
rhcr_pbs,warehouse_single_dock,intermittent_80s80m15r,closest,60,42,false,0.0267,8,0.0004,0.9341,1.0000,0.0000,0.00,1.00,1.89,,1.0000,0.0000,0,0.74,2.52,4.52,9.00,-2.00,0.0000,11.00,1.0000,0.9998,0.0400,16400.0,62171.0,5564
rhcr_pbs,warehouse_single_dock,intermittent_80s80m15r,closest,60,42,true,0.0867,26,0.0015,0.8250,1.0000,,0.00,0.00,,,1.0000,0.0000,0,0.00,0.00,0.00,0.00,0.00,0.0000,0.00,0.0000,1.0000,0.9333,131997.8,3242390.0,39604
rhcr_pbs,warehouse_single_dock,intermittent_80s80m15r,closest,60,42,false,0.0867,26,0.0015,0.8250,,0.0000,0.00,1.00,1.89,,1.0000,0.0000,0,0.27,1.31,5.41,14.00,-4.10,0.0000,,0.9500,1.0000,0.9333,125892.6,3185531.0,38110
rhcr_pbs,warehouse_single_dock,intermittent_80s80m15r,closest,60,42,true,0.6333,190,0.0127,0.1093,1.0000,,0.00,0.00,,,1.0000,0.0000,0,0.00,0.00,0.00,0.00,0.00,0.0000,0.00,0.0000,1.0000,0.4933,3616626.4,23009451.0,1084992
rhcr_pbs,warehouse_single_dock,intermittent_80s80m15r,closest,60,42,false,0.3533,106,0.0074,0.5021,0.3684,0.2636,,1.00,1.89,,1.0000,-44.2105,7398,0.37,1.46,4.90,11.00,-3.44,7984.9167,,0.9500,0.9948,0.6000,3321037.2,24828766.0,996918
rhcr_pbs,warehouse_single_dock,intermittent_80s80m15r,closest,60,123,true,0.5067,152,0.0090,0.2464,1.0000,,0.00,0.00,,,1.0000,0.0000,0,0.00,0.00,0.00,0.00,0.00,0.0000,0.00,0.0000,1.0000,0.5800,1097879.1,6952581.0,329368
rhcr_pbs,warehouse_single_dock,intermittent_80s80m15r,closest,60,123,false,0.2567,77,0.0052,0.5944,0.2857,0.2182,,1.00,1.83,,1.0000,-49.3421,8339,0.23,1.24,4.29,8.00,-3.05,4920.0000,,0.9833,0.9966,0.8133,532201.3,6058192.0,160177
rhcr_pbs,warehouse_single_dock,intermittent_80s80m15r,closest,60,123,true,0.0267,8,0.0004,0.8817,1.0000,,0.00,0.00,,,1.0000,0.0000,0,0.00,0.00,0.00,0.00,0.00,0.0000,0.00,0.0000,1.0000,0.9133,8547.5,32916.0,2574
rhcr_pbs,warehouse_single_dock,intermittent_80s80m15r,closest,60,123,false,0.0300,9,0.0005,0.8935,,0.0000,0.00,1.00,1.83,,1.0000,12.5000,0,0.25,1.29,4.44,9.00,-3.15,0.0000,,0.9500,0.9999,0.9133,8564.6,24712.0,3111
rhcr_pbs,warehouse_single_dock,intermittent_80s80m15r,closest,60,123,true,0.0267,8,0.0004,0.8817,1.0000,,0.00,0.00,,,1.0000,0.0000,0,0.00,0.00,0.00,0.00,0.00,0.0000,0.00,0.0000,1.0000,0.9133,8478.3,24774.0,2547
rhcr_pbs,warehouse_single_dock,intermittent_80s80m15r,closest,60,123,false,0.0300,9,0.0005,0.8935,,0.0000,0.00,1.00,1.83,,1.0000,12.5000,0,0.25,1.29,4.44,9.00,-3.15,0.0000,,0.9500,0.9999,0.9133,8693.3,26502.0,3156
rhcr_pbs,warehouse_single_dock,intermittent_80s80m15r,closest,60,123,true,0.1733,52,0.0031,0.7347,1.0000,,0.00,0.00,,,1.0000,0.0000,0,0.00,0.00,0.00,0.00,0.00,0.0000,0.00,0.0000,1.0000,0.1933,130784.4,2524197.0,39239
rhcr_pbs,warehouse_single_dock,intermittent_80s80m15r,closest,60,123,false,0.1767,53,0.0032,0.7323,1.1667,0.0045,16.00,1.00,1.83,150,1.0000,1.9231,16,0.84,2.62,7.09,16.00,-4.47,53.0000,,0.9667,0.9993,0.1933,126887.4,2585968.0,38770
rhcr_pbs,warehouse_single_dock,intermittent_80s80m15r,closest,60,123,true,0.5267,158,0.0097,0.2030,1.0000,,0.00,0.00,,,1.0000,0.0000,0,0.00,0.00,0.00,0.00,0.00,0.0000,0.00,0.0000,1.0000,0.2733,3077961.8,24414345.0,923395
rhcr_pbs,warehouse_single_dock,intermittent_80s80m15r,closest,60,123,false,0.3500,105,0.0073,0.4611,0.5093,0.1682,,1.00,1.83,,1.0000,-33.5443,5369,0.32,1.40,4.98,9.00,-3.58,4422.6667,,0.9667,0.9939,0.6333,2289999.6,24944179.0,687592
rhcr_pbs,warehouse_single_dock,intermittent_80s80m15r,closest,60,456,true,0.3433,103,0.0059,0.5224,1.0000,,0.00,0.00,,,1.0000,0.0000,0,0.00,0.00,0.00,0.00,0.00,0.0000,0.00,0.0000,1.0000,0.1267,589072.2,7555752.0,176726
rhcr_pbs,warehouse_single_dock,intermittent_80s80m15r,closest,60,456,false,0.5067,152,0.0098,0.2807,2.1136,0.0459,104.00,1.00,1.79,194,1.0000,47.5728,744,0.31,1.33,5.02,14.00,-3.69,635.5000,,0.9833,0.9911,0.3533,1066822.1,6492539.0,320791
rhcr_pbs,warehouse_single_dock,intermittent_80s80m15r,closest,60,456,true,0.0533,16,0.0009,0.8948,1.0000,,0.00,0.00,,,1.0000,0.0000,0,0.00,0.00,0.00,0.00,0.00,0.0000,0.00,0.0000,1.0000,0.0733,3207.9,19277.0,966
rhcr_pbs,warehouse_single_dock,intermittent_80s80m15r,closest,60,456,false,0.0533,16,0.0009,0.8963,1.0000,0.0046,16.00,1.00,1.79,146,1.0000,0.0000,16,0.82,3.27,4.98,10.00,-1.71,47.0000,,1.0000,0.9997,0.0733,3156.7,21372.0,1403
rhcr_pbs,warehouse_single_dock,intermittent_80s80m15r,closest,60,456,true,0.0533,16,0.0009,0.8948,1.0000,,0.00,0.00,,,1.0000,0.0000,0,0.00,0.00,0.00,0.00,0.00,0.0000,0.00,0.0000,1.0000,0.0733,3183.6,21651.0,965
rhcr_pbs,warehouse_single_dock,intermittent_80s80m15r,closest,60,456,false,0.0533,16,0.0009,0.8963,1.0000,0.0046,16.00,1.00,1.79,146,1.0000,0.0000,16,0.82,3.27,4.98,10.00,-1.71,47.0000,,1.0000,0.9997,0.0733,3163.6,18591.0,1426
rhcr_pbs,warehouse_single_dock,intermittent_80s80m15r,closest,60,456,true,0.6300,189,0.0131,0.0944,1.0000,,0.00,0.00,,,1.0000,0.0000,0,0.00,0.00,0.00,0.00,0.00,0.0000,0.00,0.0000,1.0000,0.5600,471533.1,2805902.0,141464
rhcr_pbs,warehouse_single_dock,intermittent_80s80m15r,closest,60,456,false,0.3200,96,0.0177,0.4956,0.3261,0.2615,,2.00,1.79,,1.0000,-49.2063,8304,0.31,1.44,4.89,11.00,-3.46,7360.6667,,0.9500,0.9808,0.8667,524250.0,4627496.0,157926
rhcr_pbs,warehouse_single_dock,intermittent_80s80m15r,closest,60,456,true,0.6567,197,0.0128,0.1071,1.0000,,0.00,0.00,,,1.0000,0.0000,0,0.00,0.00,0.00,0.00,0.00,0.0000,0.00,0.0000,1.0000,0.4267,3670609.6,23524255.0,1101187
rhcr_pbs,warehouse_single_dock,intermittent_80s80m15r,closest,60,456,false,0.4733,142,0.0085,0.3178,0.6071,0.1881,,1.00,1.79,,1.0000,-27.9188,6763,0.45,1.53,3.97,10.00,-2.44,6060.5833,,1.0000,0.9930,0.5600,2558310.6,23689177.0,768128
rhcr_pbs,warehouse_single_dock,intermittent_80s80m15r,closest,60,789,true,0.6400,192,0.0121,0.0959,1.0000,,0.00,0.00,,,1.0000,0.0000,0,0.00,0.00,0.00,0.00,0.00,0.0000,0.00,0.0000,1.0000,0.5133,1300312.4,7365255.0,390098
rhcr_pbs,warehouse_single_dock,intermittent_80s80m15r,closest,60,789,false,0.3533,106,0.0065,0.4656,0.4028,0.2545,,1.00,1.96,,1.0000,-44.7917,6554,0.27,1.33,5.00,11.00,-3.67,8307.3333,,0.9333,0.9952,0.6000,1189920.9,7241619.0,357659
rhcr_pbs,warehouse_single_dock,intermittent_80s80m15r,closest,60,789,true,0.0167,5,0.0003,0.9289,1.0000,,0.00,0.00,,,1.0000,0.0000,0,0.00,0.00,0.00,0.00,0.00,0.0000,0.00,0.0000,1.0000,0.0467,7655.7,28537.0,2304
rhcr_pbs,warehouse_single_dock,intermittent_80s80m15r,closest,60,789,false,0.0167,5,0.0003,0.9289,,0.0000,0.00,1.00,1.96,,1.0000,0.0000,0,0.64,2.35,4.82,8.00,-2.47,0.0000,,1.0000,1.0000,0.0467,7657.6,26716.0,2880
rhcr_pbs,warehouse_single_dock,intermittent_80s80m15r,closest,60,789,true,0.0167,5,0.0003,0.9289,1.0000,,0.00,0.00,,,1.0000,0.0000,0,0.00,0.00,0.00,0.00,0.00,0.0000,0.00,0.0000,1.0000,0.0467,7619.1,25442.0,2290
rhcr_pbs,warehouse_single_dock,intermittent_80s80m15r,closest,60,789,false,0.0167,5,0.0003,0.9289,,0.0000,0.00,1.00,1.96,,1.0000,0.0000,0,0.64,2.35,4.82,8.00,-2.47,0.0000,,1.0000,1.0000,0.0467,7641.1,21543.0,2864
rhcr_pbs,warehouse_single_dock,intermittent_80s80m15r,closest,60,789,true,0.1967,59,0.0039,0.7123,1.0000,,0.00,0.00,,,1.0000,0.0000,0,0.00,0.00,0.00,0.00,0.00,0.0000,0.00,0.0000,1.0000,0.2600,872799.9,4232948.0,261850
rhcr_pbs,warehouse_single_dock,intermittent_80s80m15r,closest,60,789,false,0.2133,64,0.0043,0.6870,2.2500,0.0045,0.00,1.00,1.96,,1.0000,8.4746,0,0.52,1.98,6.47,13.00,-4.48,107.0000,,0.9667,0.9992,0.6067,509673.8,3948647.0,153510
rhcr_pbs,warehouse_single_dock,intermittent_80s80m15r,closest,60,789,true,0.5633,169,0.0099,0.1282,1.0000,,0.00,0.00,,,1.0000,0.0000,0,0.00,0.00,0.00,0.00,0.00,0.0000,0.00,0.0000,1.0000,0.6600,3805984.0,24328464.0,1141799
rhcr_pbs,warehouse_single_dock,intermittent_80s80m15r,closest,60,789,false,0.3967,119,0.0105,0.3455,0.6183,0.1636,,1.00,1.96,,1.0000,-29.5858,5410,0.46,1.59,4.42,12.00,-2.83,5443.4167,,0.9667,0.9889,0.8533,3794652.9,23186793.0,1138909
rhcr_pbs,warehouse_single_dock,intermittent_80s80m15r,closest,60,1024,true,0.6667,200,0.0128,0.0880,1.0000,,0.00,0.00,,,1.0000,0.0000,0,0.00,0.00,0.00,0.00,0.00,0.0000,0.00,0.0000,1.0000,0.4362,1187131.7,9079930.0,356144
rhcr_pbs,warehouse_single_dock,intermittent_80s80m15r,closest,60,1024,false,0.4233,127,0.0077,0.3901,0.4931,0.3273,,1.00,1.65,,1.0000,-36.5000,6406,0.35,1.51,5.10,14.00,-3.59,9314.0000,,1.0000,0.9942,0.3533,1070697.9,8918154.0,321990
rhcr_pbs,warehouse_single_dock,intermittent_80s80m15r,closest,60,1024,true,0.0300,9,0.0005,0.9196,1.0000,,0.00,0.00,,,1.0000,0.0000,0,0.00,0.00,0.00,0.00,0.00,0.0000,0.00,0.0000,1.0000,0.9267,4347.0,45579.0,1316
rhcr_pbs,warehouse_single_dock,intermittent_80s80m15r,closest,60,1024,false,0.0300,9,0.0005,0.9196,,0.0000,0.00,1.00,1.65,,1.0000,0.0000,0,0.23,1.30,4.67,12.00,-3.37,0.0000,,0.9667,1.0000,0.9267,3828.7,34724.0,1726
rhcr_pbs,warehouse_single_dock,intermittent_80s80m15r,closest,60,1024,true,0.0300,9,0.0005,0.9196,1.0000,,0.00,0.00,,,1.0000,0.0000,0,0.00,0.00,0.00,0.00,0.00,0.0000,0.00,0.0000,1.0000,0.9267,4032.2,31652.0,1214
rhcr_pbs,warehouse_single_dock,intermittent_80s80m15r,closest,60,1024,false,0.0300,9,0.0005,0.9196,,0.0000,0.00,1.00,1.65,,1.0000,0.0000,0,0.23,1.30,4.67,12.00,-3.37,0.0000,,0.9667,1.0000,0.9267,3690.2,39033.0,1709
rhcr_pbs,warehouse_single_dock,intermittent_80s80m15r,closest,60,1024,true,0.1033,31,0.0019,0.7827,1.0000,,0.00,0.00,,,1.0000,0.0000,0,0.00,0.00,0.00,0.00,0.00,0.0000,0.00,0.0000,1.0000,0.9400,268529.8,3426487.0,80564
rhcr_pbs,warehouse_single_dock,intermittent_80s80m15r,closest,60,1024,false,0.1033,31,0.0019,0.7917,1.0000,0.0000,0.00,1.00,1.65,,1.0000,0.0000,0,0.35,1.44,4.15,10.00,-2.70,0.0000,,0.9667,0.9998,0.9400,232529.4,3163234.0,70211
rhcr_pbs,warehouse_single_dock,intermittent_80s80m15r,closest,60,1024,true,0.5767,173,0.0138,0.2433,1.0000,,0.00,0.00,,,1.0000,0.0000,0,0.00,0.00,0.00,0.00,0.00,0.0000,0.00,0.0000,1.0000,0.3533,3292672.7,28888658.0,987808
rhcr_pbs,warehouse_single_dock,intermittent_80s80m15r,closest,60,1024,false,0.2300,69,0.0146,0.6735,0.0957,0.2818,,1.00,1.65,,1.0000,-60.1156,13043,0.21,1.24,4.46,11.00,-3.22,6061.0000,,0.9833,0.9859,0.8067,1935433.5,22378005.0,581238
rhcr_pbs,warehouse_single_dock,intermittent_80s80m15r,closest,60,2048,true,0.1433,43,0.0025,0.7918,1.0000,,0.00,0.00,,,1.0000,0.0000,0,0.00,0.00,0.00,0.00,0.00,0.0000,0.00,0.0000,1.0000,0.9000,754737.4,8243911.0,226434
rhcr_pbs,warehouse_single_dock,intermittent_80s80m15r,closest,60,2048,false,0.1433,43,0.0025,0.7923,1.0000,0.0000,0.00,1.00,2.15,,1.0000,0.0000,0,0.13,1.13,6.52,11.00,-5.39,0.0000,,0.9500,0.9998,0.9000,1837564.5,8222048.0,551738
rhcr_pbs,warehouse_single_dock,intermittent_80s80m15r,closest,60,2048,true,0.0200,6,0.0003,0.9192,1.0000,,0.00,0.00,,,1.0000,0.0000,0,0.00,0.00,0.00,0.00,0.00,0.0000,0.00,0.0000,1.0000,0.9400,6290.5,34698.0,1891
rhcr_pbs,warehouse_single_dock,intermittent_80s80m15r,closest,60,2048,false,0.0200,6,0.0003,0.9192,,0.0000,0.00,1.00,2.15,,1.0000,0.0000,0,0.31,1.42,4.45,8.00,-3.04,0.0000,,0.9500,1.0000,0.9400,6089.2,23587.0,2194
rhcr_pbs,warehouse_single_dock,intermittent_80s80m15r,closest,60,2048,true,0.0200,6,0.0003,0.9192,1.0000,,0.00,0.00,,,1.0000,0.0000,0,0.00,0.00,0.00,0.00,0.00,0.0000,0.00,0.0000,1.0000,0.9400,5994.5,21101.0,1802
rhcr_pbs,warehouse_single_dock,intermittent_80s80m15r,closest,60,2048,false,0.0200,6,0.0003,0.9192,,0.0000,0.00,1.00,2.15,,1.0000,0.0000,0,0.31,1.42,4.45,8.00,-3.04,0.0000,,0.9500,1.0000,0.9400,6160.1,29757.0,2216
rhcr_pbs,warehouse_single_dock,intermittent_80s80m15r,closest,60,2048,true,0.0933,28,0.0018,0.8413,1.0000,,0.00,0.00,,,1.0000,0.0000,0,0.00,0.00,0.00,0.00,0.00,0.0000,0.00,0.0000,1.0000,0.8867,734170.8,4731664.0,220258
rhcr_pbs,warehouse_single_dock,intermittent_80s80m15r,closest,60,2048,false,0.0900,27,0.0017,0.8424,0.7500,0.0136,,1.00,2.15,,1.0000,-3.5714,191,0.66,2.41,6.68,13.00,-4.27,201.0000,83.00,0.9833,0.9998,0.4067,805184.0,4390482.0,241949
rhcr_pbs,warehouse_single_dock,intermittent_80s80m15r,closest,60,2048,true,0.3833,115,0.0077,0.4244,1.0000,,0.00,0.00,,,1.0000,0.0000,0,0.00,0.00,0.00,0.00,0.00,0.0000,0.00,0.0000,1.0000,0.6800,2022200.9,22989219.0,606664
rhcr_pbs,warehouse_single_dock,intermittent_80s80m15r,closest,60,2048,false,0.3267,98,0.0059,0.5150,0.7344,0.1136,,1.00,2.15,,1.0000,-14.7826,1545,0.24,1.27,5.15,11.00,-3.89,2701.0000,,0.9333,0.9961,0.6200,1547598.2,25878981.0,464867
rhcr_pbs,warehouse_single_dock,intermittent_80s80m15r,closest,60,3141,true,0.6000,180,0.0106,0.0924,1.0000,,0.00,0.00,,,1.0000,0.0000,0,0.00,0.00,0.00,0.00,0.00,0.0000,0.00,0.0000,1.0000,0.4600,1306005.6,7248951.0,391806
rhcr_pbs,warehouse_single_dock,intermittent_80s80m15r,closest,60,3141,false,0.3933,118,0.0068,0.4009,0.5267,0.2091,,1.00,1.84,,1.0000,-34.4444,5904,0.25,1.29,3.84,11.00,-2.56,5861.1333,,1.0000,0.9945,0.6400,874452.8,6976737.0,262844
rhcr_pbs,warehouse_single_dock,intermittent_80s80m15r,closest,60,3141,true,0.0467,14,0.0008,0.8964,1.0000,,0.00,0.00,,,1.0000,0.0000,0,0.00,0.00,0.00,0.00,0.00,0.0000,0.00,0.0000,1.0000,0.0733,6888.0,49394.0,2077
rhcr_pbs,warehouse_single_dock,intermittent_80s80m15r,closest,60,3141,false,0.0500,15,0.0008,0.9047,1.2500,0.0000,0.00,1.00,1.84,,1.0000,7.1429,0,0.71,2.69,5.29,10.00,-2.60,0.0000,,1.0000,0.9996,0.0733,6923.2,45502.0,2645
rhcr_pbs,warehouse_single_dock,intermittent_80s80m15r,closest,60,3141,true,0.0467,14,0.0008,0.8964,1.0000,,0.00,0.00,,,1.0000,0.0000,0,0.00,0.00,0.00,0.00,0.00,0.0000,0.00,0.0000,1.0000,0.0733,6824.2,46205.0,2053
rhcr_pbs,warehouse_single_dock,intermittent_80s80m15r,closest,60,3141,false,0.0500,15,0.0008,0.9047,1.2500,0.0000,0.00,1.00,1.84,,1.0000,7.1429,0,0.71,2.69,5.29,10.00,-2.60,0.0000,,1.0000,0.9996,0.0733,6825.8,44736.0,2648
rhcr_pbs,warehouse_single_dock,intermittent_80s80m15r,closest,60,3141,true,0.6500,195,0.0126,0.1009,1.0000,,0.00,0.00,,,1.0000,0.0000,0,0.00,0.00,0.00,0.00,0.00,0.0000,0.00,0.0000,1.0000,0.6067,458264.1,3498537.0,137483
rhcr_pbs,warehouse_single_dock,intermittent_80s80m15r,closest,60,3141,false,0.4000,120,0.0089,0.4158,0.4932,0.2227,,1.00,1.84,,1.0000,-38.4615,6009,0.53,2.05,4.76,16.00,-2.71,7489.3333,,1.0000,0.9923,0.5933,454045.9,3664448.0,136735
rhcr_pbs,warehouse_single_dock,intermittent_80s80m15r,closest,60,3141,true,0.4467,134,0.0082,0.3329,1.0000,,0.00,0.00,,,1.0000,0.0000,0,0.00,0.00,0.00,0.00,0.00,0.0000,0.00,0.0000,1.0000,0.3867,3149124.5,24546473.0,944742
rhcr_pbs,warehouse_single_dock,intermittent_80s80m15r,closest,60,3141,false,0.1833,55,0.0032,0.6964,0.1319,0.2091,,1.00,1.84,,1.0000,-58.9552,11526,0.65,2.35,4.09,9.00,-1.74,3804.6667,,1.0000,0.9989,0.1400,1670761.8,23390637.0,501683
rhcr_pbs,warehouse_single_dock,intermittent_80s80m15r,closest,60,9999,true,0.2567,77,0.0046,0.5177,1.0000,,0.00,0.00,,,1.0000,0.0000,0,0.00,0.00,0.00,0.00,0.00,0.0000,0.00,0.0000,1.0000,0.5467,609303.9,6724954.0,182795
rhcr_pbs,warehouse_single_dock,intermittent_80s80m15r,closest,60,9999,false,0.4433,133,0.0080,0.2853,2.4737,0.0273,46.00,1.00,1.75,140,1.0000,72.7273,54,0.28,1.36,4.70,12.00,-3.35,1516.8333,,1.0000,0.9922,0.5467,1340802.4,7193289.0,403018
rhcr_pbs,warehouse_single_dock,intermittent_80s80m15r,closest,60,9999,true,0.0167,5,0.0003,0.9317,1.0000,,0.00,0.00,,,1.0000,0.0000,0,0.00,0.00,0.00,0.00,0.00,0.0000,0.00,0.0000,1.0000,0.0667,5120.7,20170.0,1540
rhcr_pbs,warehouse_single_dock,intermittent_80s80m15r,closest,60,9999,false,0.0167,5,0.0003,0.9317,,0.0000,0.00,1.00,1.75,,1.0000,0.0000,0,0.60,2.36,4.41,7.00,-2.04,0.0000,,1.0000,1.0000,0.0667,4882.4,14444.0,2032
rhcr_pbs,warehouse_single_dock,intermittent_80s80m15r,closest,60,9999,true,0.0167,5,0.0003,0.9317,1.0000,,0.00,0.00,,,1.0000,0.0000,0,0.00,0.00,0.00,0.00,0.00,0.0000,0.00,0.0000,1.0000,0.0667,5093.6,22481.0,1539
rhcr_pbs,warehouse_single_dock,intermittent_80s80m15r,closest,60,9999,false,0.0167,5,0.0003,0.9317,,0.0000,0.00,1.00,1.75,,1.0000,0.0000,0,0.60,2.36,4.41,7.00,-2.04,0.0000,,1.0000,1.0000,0.0667,5003.7,17147.0,2114
rhcr_pbs,warehouse_single_dock,intermittent_80s80m15r,closest,60,9999,true,0.5300,159,0.0098,0.2674,1.0000,,0.00,0.00,,,1.0000,0.0000,0,0.00,0.00,0.00,0.00,0.00,0.0000,0.00,0.0000,1.0000,0.7200,518412.6,4428809.0,155528
rhcr_pbs,warehouse_single_dock,intermittent_80s80m15r,closest,60,9999,false,0.3533,106,0.0087,0.4500,0.5225,0.1682,,1.00,1.75,,1.0000,-33.3333,6883,0.27,1.35,5.15,14.00,-3.80,3843.1667,,1.0000,0.9926,0.8600,657456.7,3243640.0,197901
rhcr_pbs,warehouse_single_dock,intermittent_80s80m15r,closest,60,9999,true,0.4500,135,0.0136,0.3313,1.0000,,0.00,0.00,,,1.0000,0.0000,0,0.00,0.00,0.00,0.00,0.00,0.0000,0.00,0.0000,1.0000,0.6267,2954488.9,24339095.0,886351
rhcr_pbs,warehouse_single_dock,intermittent_80s80m15r,closest,60,9999,false,0.4500,135,0.0122,0.3234,1.0000,0.1227,198.00,1.00,1.75,290,1.0000,0.0000,2562,0.38,1.47,4.25,10.00,-2.77,2629.0833,,1.0000,0.9873,0.5133,3077430.5,24236137.0,923918
rhcr_pbs,warehouse_single_dock,intermittent_80s80m15r,closest,60,1337,true,0.6267,188,0.0114,0.0973,1.0000,,0.00,0.00,,,1.0000,0.0000,0,0.00,0.00,0.00,0.00,0.00,0.0000,0.00,0.0000,1.0000,0.4867,1274613.1,6992700.0,382388
rhcr_pbs,warehouse_single_dock,intermittent_80s80m15r,closest,60,1337,false,0.4833,145,0.0094,0.2677,0.7095,0.1751,,1.00,1.91,,1.0000,-22.8723,5274,0.32,1.41,5.51,12.00,-4.09,6588.6667,,1.0000,0.9902,0.5067,1324059.2,6805353.0,397844
rhcr_pbs,warehouse_single_dock,intermittent_80s80m15r,closest,60,1337,true,0.0133,4,0.0002,0.9344,1.0000,,0.00,0.00,,,1.0000,0.0000,0,0.00,0.00,0.00,0.00,0.00,0.0000,0.00,0.0000,1.0000,0.0533,9134.2,31578.0,2744
rhcr_pbs,warehouse_single_dock,intermittent_80s80m15r,closest,60,1337,false,0.0133,4,0.0002,0.9344,,0.0000,0.00,1.00,1.91,,1.0000,0.0000,0,0.61,2.13,4.56,9.00,-2.43,0.0000,,1.0000,1.0000,0.0533,9010.1,23594.0,3359
rhcr_pbs,warehouse_single_dock,intermittent_80s80m15r,closest,60,1337,true,0.0133,4,0.0002,0.9344,1.0000,,0.00,0.00,,,1.0000,0.0000,0,0.00,0.00,0.00,0.00,0.00,0.0000,0.00,0.0000,1.0000,0.0533,9243.4,30129.0,2777
rhcr_pbs,warehouse_single_dock,intermittent_80s80m15r,closest,60,1337,false,0.0133,4,0.0002,0.9344,,0.0000,0.00,1.00,1.91,,1.0000,0.0000,0,0.61,2.13,4.56,9.00,-2.43,0.0000,,1.0000,1.0000,0.0533,8969.5,24368.0,3337
rhcr_pbs,warehouse_single_dock,intermittent_80s80m15r,closest,60,1337,true,0.4000,120,0.0079,0.3902,1.0000,,0.00,0.00,,,1.0000,0.0000,0,0.00,0.00,0.00,0.00,0.00,0.0000,0.00,0.0000,1.0000,0.7267,506118.3,3081561.0,151848
rhcr_pbs,warehouse_single_dock,intermittent_80s80m15r,closest,60,1337,false,0.2367,71,0.0056,0.6003,0.3875,0.1429,,1.00,1.91,,1.0000,-40.8333,6834,0.38,1.44,5.78,12.00,-4.35,2809.0000,,0.9500,0.9962,0.8733,228233.2,3041374.0,69022
rhcr_pbs,warehouse_single_dock,intermittent_80s80m15r,closest,60,1337,true,0.1433,43,0.0026,0.7151,1.0000,,0.00,0.00,,,1.0000,0.0000,0,0.00,0.00,0.00,0.00,0.00,0.0000,0.00,0.0000,1.0000,0.9333,1899775.9,20369172.0,569939
rhcr_pbs,warehouse_single_dock,intermittent_80s80m15r,closest,60,1337,false,0.1433,43,0.0026,0.7263,1.0000,0.0369,134.00,1.00,1.91,244,1.0000,0.0000,238,0.35,1.45,5.72,18.00,-4.27,662.0000,,0.9667,0.9989,0.9333,1702294.6,19347735.0,511202
rhcr_pbs,warehouse_single_dock,intermittent_80s80m15r,closest,60,7777,true,0.1100,33,0.0019,0.8429,1.0000,,0.00,0.00,,,1.0000,0.0000,0,0.00,0.00,0.00,0.00,0.00,0.0000,0.00,0.0000,1.0000,0.9000,164853.8,5258609.0,49464
rhcr_pbs,warehouse_single_dock,intermittent_80s80m15r,closest,60,7777,false,0.1100,33,0.0019,0.8429,,0.0000,0.00,1.00,2.13,,1.0000,0.0000,0,0.13,1.16,5.42,13.00,-4.26,0.0000,,0.9500,1.0000,0.9000,154313.8,4838916.0,46782
rhcr_pbs,warehouse_single_dock,intermittent_80s80m15r,closest,60,7777,true,0.0500,15,0.0008,0.9118,1.0000,,0.00,0.00,,,1.0000,0.0000,0,0.00,0.00,0.00,0.00,0.00,0.0000,0.00,0.0000,1.0000,0.1200,4280.4,44061.0,1297
rhcr_pbs,warehouse_single_dock,intermittent_80s80m15r,closest,60,7777,false,0.0533,16,0.0009,0.9065,2.0000,0.0046,16.00,1.00,2.13,128,1.0000,6.6667,16,0.61,2.67,6.15,14.00,-3.49,30.0000,,0.9833,0.9998,0.1200,4291.8,33680.0,1814
rhcr_pbs,warehouse_single_dock,intermittent_80s80m15r,closest,60,7777,true,0.0500,15,0.0008,0.9118,1.0000,,0.00,0.00,,,1.0000,0.0000,0,0.00,0.00,0.00,0.00,0.00,0.0000,0.00,0.0000,1.0000,0.1200,4152.8,34836.0,1250
rhcr_pbs,warehouse_single_dock,intermittent_80s80m15r,closest,60,7777,false,0.0533,16,0.0009,0.9065,2.0000,0.0046,16.00,1.00,2.13,128,1.0000,6.6667,16,0.61,2.67,6.15,14.00,-3.49,30.0000,,0.9833,0.9998,0.1200,4228.7,34876.0,1823
rhcr_pbs,warehouse_single_dock,intermittent_80s80m15r,closest,60,7777,true,0.5933,178,0.0111,0.1676,1.0000,,0.00,0.00,,,1.0000,0.0000,0,0.00,0.00,0.00,0.00,0.00,0.0000,0.00,0.0000,1.0000,0.6200,485465.5,3328669.0,145644
rhcr_pbs,warehouse_single_dock,intermittent_80s80m15r,closest,60,7777,false,0.5033,151,0.0108,0.3307,0.7712,0.1416,,1.00,2.13,,1.0000,-15.1685,3068,0.35,1.47,4.35,15.00,-2.88,4896.3333,,0.9667,0.9904,0.5200,519884.6,3375275.0,156569
rhcr_pbs,warehouse_single_dock,intermittent_80s80m15r,closest,60,7777,true,0.6600,198,0.0128,0.1059,1.0000,,0.00,0.00,,,1.0000,0.0000,0,0.00,0.00,0.00,0.00,0.00,0.0000,0.00,0.0000,1.0000,0.3933,3605862.9,26785592.0,1081764
rhcr_pbs,warehouse_single_dock,intermittent_80s80m15r,closest,60,7777,false,0.3633,109,0.0073,0.4331,0.3643,0.2466,,1.00,2.13,,1.0000,-44.9495,7498,0.27,1.37,4.71,10.00,-3.35,7791.1667,,0.9667,0.9947,0.5867,2541350.2,26431500.0,762921
rhcr_pbs,warehouse_single_dock,intermittent_80s80m15r,closest,60,11,true,0.6367,191,0.0117,0.0889,1.0000,,0.00,0.00,,,1.0000,0.0000,0,0.00,0.00,0.00,0.00,0.00,0.0000,0.00,0.0000,1.0000,0.4733,1233677.8,6657928.0,370115
rhcr_pbs,warehouse_single_dock,intermittent_80s80m15r,closest,60,11,false,0.4900,147,0.0113,0.2699,0.6788,0.1727,,1.00,1.71,,1.0000,-23.0366,4846,0.27,1.32,4.40,11.00,-3.08,6428.0000,,0.9833,0.9893,0.4933,1265777.8,6121801.0,380505
rhcr_pbs,warehouse_single_dock,intermittent_80s80m15r,closest,60,11,true,0.0267,8,0.0004,0.9164,1.0000,,0.00,0.00,,,1.0000,0.0000,0,0.00,0.00,0.00,0.00,0.00,0.0000,0.00,0.0000,1.0000,0.0533,7391.3,32416.0,2222
rhcr_pbs,warehouse_single_dock,intermittent_80s80m15r,closest,60,11,false,0.0267,8,0.0004,0.9164,,0.0000,0.00,1.00,1.71,,1.0000,0.0000,0,0.79,2.94,5.47,12.00,-2.53,0.0000,,1.0000,1.0000,0.0533,7206.8,28453.0,2739
rhcr_pbs,warehouse_single_dock,intermittent_80s80m15r,closest,60,11,true,0.0267,8,0.0004,0.9164,1.0000,,0.00,0.00,,,1.0000,0.0000,0,0.00,0.00,0.00,0.00,0.00,0.0000,0.00,0.0000,1.0000,0.0533,7484.8,26754.0,2250
rhcr_pbs,warehouse_single_dock,intermittent_80s80m15r,closest,60,11,false,0.0267,8,0.0004,0.9164,,0.0000,0.00,1.00,1.71,,1.0000,0.0000,0,0.79,2.94,5.47,12.00,-2.53,0.0000,,1.0000,1.0000,0.0533,7166.0,26728.0,2741
rhcr_pbs,warehouse_single_dock,intermittent_80s80m15r,closest,60,11,true,0.1833,55,0.0038,0.6894,1.0000,,0.00,0.00,,,1.0000,0.0000,0,0.00,0.00,0.00,0.00,0.00,0.0000,0.00,0.0000,1.0000,0.9600,310948.3,2669992.0,93289
rhcr_pbs,warehouse_single_dock,intermittent_80s80m15r,closest,60,11,false,0.2467,74,0.0064,0.6669,2.4615,0.0500,192.00,1.00,1.71,284,1.0000,34.5455,510,0.33,1.39,4.32,12.00,-2.93,941.0000,,1.0000,0.9954,0.9600,568724.3,2719037.0,171289
rhcr_pbs,warehouse_single_dock,intermittent_80s80m15r,closest,60,11,true,0.6100,183,0.0116,0.1122,1.0000,,0.00,0.00,,,1.0000,0.0000,0,0.00,0.00,0.00,0.00,0.00,0.0000,0.00,0.0000,1.0000,0.5400,3643879.2,27356019.0,1093168
rhcr_pbs,warehouse_single_dock,intermittent_80s80m15r,closest,60,11,false,0.2000,60,0.0041,0.6943,0.0821,0.3273,,1.00,1.71,,1.0000,-67.2131,12727,0.32,1.39,4.95,10.00,-3.56,8437.5000,,1.0000,0.9989,0.8067,1578364.3,26849932.0,474163
rhcr_pbs,warehouse_single_dock,intermittent_80s80m15r,closest,60,22,true,0.1267,38,0.0022,0.8289,1.0000,,0.00,0.00,,,1.0000,0.0000,0,0.00,0.00,0.00,0.00,0.00,0.0000,0.00,0.0000,1.0000,0.3267,322519.2,5793978.0,96760
rhcr_pbs,warehouse_single_dock,intermittent_80s80m15r,closest,60,22,false,0.1267,38,0.0022,0.8293,1.0000,0.0045,16.00,1.00,1.91,148,1.0000,0.0000,16,0.77,2.68,8.06,20.00,-5.38,51.0000,,1.0000,0.9997,0.3267,316389.8,5700632.0,95570
rhcr_pbs,warehouse_single_dock,intermittent_80s80m15r,closest,60,22,true,0.0333,10,0.0006,0.9148,1.0000,,0.00,0.00,,,1.0000,0.0000,0,0.00,0.00,0.00,0.00,0.00,0.0000,0.00,0.0000,1.0000,0.0533,18818.7,52746.0,5658
rhcr_pbs,warehouse_single_dock,intermittent_80s80m15r,closest,60,22,false,0.0333,10,0.0006,0.9148,,0.0000,0.00,1.00,1.91,,1.0000,0.0000,0,0.70,2.51,4.21,9.00,-1.69,0.0000,,1.0000,1.0000,0.0533,19069.1,61811.0,6142
rhcr_pbs,warehouse_single_dock,intermittent_80s80m15r,closest,60,22,true,0.0333,10,0.0006,0.9148,1.0000,,0.00,0.00,,,1.0000,0.0000,0,0.00,0.00,0.00,0.00,0.00,0.0000,0.00,0.0000,1.0000,0.0533,18872.9,73191.0,5666
rhcr_pbs,warehouse_single_dock,intermittent_80s80m15r,closest,60,22,false,0.0333,10,0.0006,0.9148,,0.0000,0.00,1.00,1.91,,1.0000,0.0000,0,0.70,2.51,4.21,9.00,-1.69,0.0000,,1.0000,1.0000,0.0533,19144.4,48174.0,6157
rhcr_pbs,warehouse_single_dock,intermittent_80s80m15r,closest,60,22,true,0.3867,116,0.0074,0.4624,1.0000,,0.00,0.00,,,1.0000,0.0000,0,0.00,0.00,0.00,0.00,0.00,0.0000,0.00,0.0000,1.0000,0.7267,667567.2,3180029.0,200277
rhcr_pbs,warehouse_single_dock,intermittent_80s80m15r,closest,60,22,false,0.4833,145,0.0116,0.3366,1.5179,0.0636,108.00,1.00,1.91,208,1.0000,25.0000,758,0.29,1.32,4.78,12.00,-3.45,1228.6667,,1.0000,0.9896,0.6467,409409.9,2663427.0,123561
rhcr_pbs,warehouse_single_dock,intermittent_80s80m15r,closest,60,22,true,0.1067,32,0.0022,0.8293,1.0000,,0.00,0.00,,,1.0000,0.0000,0,0.00,0.00,0.00,0.00,0.00,0.0000,0.00,0.0000,1.0000,0.9067,2449375.7,26659091.0,734817
rhcr_pbs,warehouse_single_dock,intermittent_80s80m15r,closest,60,22,false,0.1067,32,0.0023,0.8292,1.0000,0.0045,16.00,1.00,1.91,144,1.0000,0.0000,16,0.31,1.43,4.74,11.00,-3.31,47.0000,,1.0000,0.9996,0.9067,2211239.5,26543130.0,663817
rhcr_pbs,warehouse_single_dock,intermittent_80s80m15r,closest,60,33,true,0.3900,117,0.0072,0.4312,1.0000,,0.00,0.00,,,1.0000,0.0000,0,0.00,0.00,0.00,0.00,0.00,0.0000,0.00,0.0000,1.0000,0.3267,961491.9,8132940.0,288452
rhcr_pbs,warehouse_single_dock,intermittent_80s80m15r,closest,60,33,false,0.4367,131,0.0082,0.4086,1.2456,0.0591,106.00,1.00,2.17,196,1.0000,11.9658,396,0.24,1.26,4.16,9.00,-2.90,1514.3333,,0.9500,0.9940,0.5800,979296.0,6301211.0,294337
rhcr_pbs,warehouse_single_dock,intermittent_80s80m15r,closest,60,33,true,0.0267,8,0.0004,0.9104,1.0000,,0.00,0.00,,,1.0000,0.0000,0,0.00,0.00,0.00,0.00,0.00,0.0000,0.00,0.0000,1.0000,0.0333,4386.4,34227.0,1320
rhcr_pbs,warehouse_single_dock,intermittent_80s80m15r,closest,60,33,false,0.0333,10,0.0006,0.9179,3.0000,0.0000,0.00,1.00,2.17,,1.0000,25.0000,0,0.63,2.36,4.74,10.00,-2.38,0.0000,5.00,0.9833,0.9998,0.0400,4346.4,33185.0,1619
rhcr_pbs,warehouse_single_dock,intermittent_80s80m15r,closest,60,33,true,0.0267,8,0.0004,0.9104,1.0000,,0.00,0.00,,,1.0000,0.0000,0,0.00,0.00,0.00,0.00,0.00,0.0000,0.00,0.0000,1.0000,0.0333,4352.5,44966.0,1316
rhcr_pbs,warehouse_single_dock,intermittent_80s80m15r,closest,60,33,false,0.0333,10,0.0006,0.9179,3.0000,0.0000,0.00,1.00,2.17,,1.0000,25.0000,0,0.63,2.36,4.74,10.00,-2.38,0.0000,5.00,0.9833,0.9998,0.0400,4247.6,34258.0,1595
rhcr_pbs,warehouse_single_dock,intermittent_80s80m15r,closest,60,33,true,0.1467,44,0.0026,0.8033,1.0000,,0.00,0.00,,,1.0000,0.0000,0,0.00,0.00,0.00,0.00,0.00,0.0000,0.00,0.0000,1.0000,0.8800,402912.7,4309876.0,120878
rhcr_pbs,warehouse_single_dock,intermittent_80s80m15r,closest,60,33,false,0.1467,44,0.0026,0.8012,1.0000,0.0091,36.00,1.00,2.17,146,1.0000,0.0000,36,0.27,1.29,7.37,13.00,-6.08,383.0000,,0.9667,0.9995,0.8800,370158.1,3122668.0,111562
rhcr_pbs,warehouse_single_dock,intermittent_80s80m15r,closest,60,33,true,0.6800,204,0.0137,0.1113,1.0000,,0.00,0.00,,,1.0000,0.0000,0,0.00,0.00,0.00,0.00,0.00,0.0000,0.00,0.0000,1.0000,0.4733,3554891.5,24838384.0,1066472
rhcr_pbs,warehouse_single_dock,intermittent_80s80m15r,closest,60,33,false,0.5233,157,0.0109,0.2547,0.6781,0.1727,,1.00,2.17,,1.0000,-23.0392,4994,0.34,1.46,4.17,14.00,-2.71,6356.5833,,1.0000,0.9902,0.3933,3343081.4,23390645.0,1003459
rhcr_pbs,warehouse_single_dock,intermittent_80s80m15r,closest,60,44,true,0.4667,140,0.0082,0.3033,1.0000,,0.00,0.00,,,1.0000,0.0000,0,0.00,0.00,0.00,0.00,0.00,0.0000,0.00,0.0000,1.0000,0.4533,1693874.0,7510208.0,508167
rhcr_pbs,warehouse_single_dock,intermittent_80s80m15r,closest,60,44,false,0.4867,146,0.0093,0.2678,1.0706,0.1096,192.00,1.00,1.98,286,1.0000,4.2857,2641,0.31,1.39,4.26,11.00,-2.88,2547.1333,,1.0000,0.9916,0.3467,1239283.4,7444025.0,372451
rhcr_pbs,warehouse_single_dock,intermittent_80s80m15r,closest,60,44,true,0.0267,8,0.0004,0.9355,1.0000,,0.00,0.00,,,1.0000,0.0000,0,0.00,0.00,0.00,0.00,0.00,0.0000,0.00,0.0000,1.0000,0.0467,4692.3,30379.0,1412
rhcr_pbs,warehouse_single_dock,intermittent_80s80m15r,closest,60,44,false,0.0267,8,0.0004,0.9355,,0.0000,0.00,1.00,1.98,,1.0000,0.0000,0,0.73,2.35,4.13,9.00,-1.79,0.0000,,1.0000,1.0000,0.0467,4744.8,31258.0,1959
rhcr_pbs,warehouse_single_dock,intermittent_80s80m15r,closest,60,44,true,0.0267,8,0.0004,0.9355,1.0000,,0.00,0.00,,,1.0000,0.0000,0,0.00,0.00,0.00,0.00,0.00,0.0000,0.00,0.0000,1.0000,0.0467,4742.3,27531.0,1427
rhcr_pbs,warehouse_single_dock,intermittent_80s80m15r,closest,60,44,false,0.0267,8,0.0004,0.9355,,0.0000,0.00,1.00,1.98,,1.0000,0.0000,0,0.73,2.35,4.13,9.00,-1.79,0.0000,,1.0000,1.0000,0.0467,4726.3,28384.0,1958
rhcr_pbs,warehouse_single_dock,intermittent_80s80m15r,closest,60,44,true,0.6167,185,0.0122,0.1040,1.0000,,0.00,0.00,,,1.0000,0.0000,0,0.00,0.00,0.00,0.00,0.00,0.0000,0.00,0.0000,1.0000,0.6067,482597.0,2805569.0,144783
rhcr_pbs,warehouse_single_dock,intermittent_80s80m15r,closest,60,44,false,0.2533,76,0.0061,0.6116,0.2158,0.3379,,1.00,1.98,,1.0000,-58.9189,9978,0.59,2.24,6.23,13.00,-3.99,9876.0000,,1.0000,0.9964,0.3533,262177.0,2427271.0,79275
rhcr_pbs,warehouse_single_dock,intermittent_80s80m15r,closest,60,44,true,0.3533,106,0.0062,0.4846,1.0000,,0.00,0.00,,,1.0000,0.0000,0,0.00,0.00,0.00,0.00,0.00,0.0000,0.00,0.0000,1.0000,0.6733,2085770.4,20240504.0,625735
rhcr_pbs,warehouse_single_dock,intermittent_80s80m15r,closest,60,44,false,0.5033,151,0.0130,0.2714,1.8491,0.0594,80.00,1.00,1.98,180,1.0000,42.4528,404,0.34,1.42,4.61,9.00,-3.20,1011.0000,,0.9833,0.9864,0.3867,3547865.6,23727605.0,1064984
rhcr_pbs,warehouse_single_dock,intermittent_80s80m15r,closest,60,55,true,0.1333,40,0.0023,0.7853,1.0000,,0.00,0.00,,,1.0000,0.0000,0,0.00,0.00,0.00,0.00,0.00,0.0000,0.00,0.0000,1.0000,0.8267,904745.4,6507055.0,271428
rhcr_pbs,warehouse_single_dock,intermittent_80s80m15r,closest,60,55,false,0.1333,40,0.0031,0.7886,1.0000,0.0045,16.00,1.00,1.95,146,1.0000,0.0000,16,0.19,1.32,6.89,11.00,-5.57,49.0000,,0.9667,0.9986,0.7733,778094.3,9222213.0,233955
rhcr_pbs,warehouse_single_dock,intermittent_80s80m15r,closest,60,55,true,0.0333,10,0.0006,0.9183,1.0000,,0.00,0.00,,,1.0000,0.0000,0,0.00,0.00,0.00,0.00,0.00,0.0000,0.00,0.0000,1.0000,0.0333,6652.7,32953.0,2000
rhcr_pbs,warehouse_single_dock,intermittent_80s80m15r,closest,60,55,false,0.0333,10,0.0006,0.9183,,0.0000,0.00,1.00,1.95,,1.0000,0.0000,0,0.66,2.43,4.87,10.00,-2.44,0.0000,,1.0000,1.0000,0.0333,6554.1,29761.0,2500
rhcr_pbs,warehouse_single_dock,intermittent_80s80m15r,closest,60,55,true,0.0333,10,0.0006,0.9183,1.0000,,0.00,0.00,,,1.0000,0.0000,0,0.00,0.00,0.00,0.00,0.00,0.0000,0.00,0.0000,1.0000,0.0333,6735.3,36253.0,2025
rhcr_pbs,warehouse_single_dock,intermittent_80s80m15r,closest,60,55,false,0.0333,10,0.0006,0.9183,,0.0000,0.00,1.00,1.95,,1.0000,0.0000,0,0.66,2.43,4.87,10.00,-2.44,0.0000,,1.0000,1.0000,0.0333,6447.4,33946.0,2479
rhcr_pbs,warehouse_single_dock,intermittent_80s80m15r,closest,60,55,true,0.1567,47,0.0031,0.7689,1.0000,,0.00,0.00,,,1.0000,0.0000,0,0.00,0.00,0.00,0.00,0.00,0.0000,0.00,0.0000,1.0000,0.2867,592577.7,3443055.0,177782
rhcr_pbs,warehouse_single_dock,intermittent_80s80m15r,closest,60,55,false,0.1400,42,0.0028,0.7830,0.6154,0.0545,,1.00,1.95,,1.0000,-10.6383,409,0.50,2.28,6.32,13.00,-4.04,1246.0000,,1.0000,0.9992,0.3333,535824.5,2516076.0,161216
rhcr_pbs,warehouse_single_dock,intermittent_80s80m15r,closest,60,55,true,0.6367,191,0.0122,0.0802,1.0000,,0.00,0.00,,,1.0000,0.0000,0,0.00,0.00,0.00,0.00,0.00,0.0000,0.00,0.0000,1.0000,0.3133,3228993.2,23676199.0,968702
rhcr_pbs,warehouse_single_dock,intermittent_80s80m15r,closest,60,55,false,0.5200,156,0.0102,0.2470,0.7426,0.1545,,1.00,1.95,,1.0000,-18.3246,4146,0.34,1.41,4.54,17.00,-3.12,6375.2500,,0.9667,0.9913,0.3333,3530632.4,24807099.0,1059711
rhcr_pbs,warehouse_single_dock,intermittent_80s80m15r,closest,60,101,true,0.6233,187,0.0109,0.0941,1.0000,,0.00,0.00,,,1.0000,0.0000,0,0.00,0.00,0.00,0.00,0.00,0.0000,0.00,0.0000,1.0000,0.4533,1171997.2,7141635.0,351609
rhcr_pbs,warehouse_single_dock,intermittent_80s80m15r,closest,60,101,false,0.4567,137,0.0094,0.2733,0.6324,0.1591,,1.00,1.99,,1.0000,-26.7380,5686,0.35,1.42,3.88,9.00,-2.47,6151.0833,,0.9667,0.9911,0.6267,1076824.7,6655833.0,323643
rhcr_pbs,warehouse_single_dock,intermittent_80s80m15r,closest,60,101,true,0.0167,5,0.0003,0.9072,1.0000,,0.00,0.00,,,1.0000,0.0000,0,0.00,0.00,0.00,0.00,0.00,0.0000,0.00,0.0000,1.0000,0.9467,7852.6,29544.0,2360
rhcr_pbs,warehouse_single_dock,intermittent_80s80m15r,closest,60,101,false,0.0167,5,0.0003,0.9146,,0.0000,0.00,1.00,1.99,,1.0000,0.0000,0,0.22,1.35,3.98,8.00,-2.63,0.0000,,0.9167,1.0000,0.9467,7732.8,29724.0,2682
rhcr_pbs,warehouse_single_dock,intermittent_80s80m15r,closest,60,101,true,0.0167,5,0.0003,0.9072,1.0000,,0.00,0.00,,,1.0000,0.0000,0,0.00,0.00,0.00,0.00,0.00,0.0000,0.00,0.0000,1.0000,0.9467,7944.7,33118.0,2387
rhcr_pbs,warehouse_single_dock,intermittent_80s80m15r,closest,60,101,false,0.0167,5,0.0003,0.9146,,0.0000,0.00,1.00,1.99,,1.0000,0.0000,0,0.22,1.35,3.98,8.00,-2.63,0.0000,,0.9167,1.0000,0.9467,7752.5,28495.0,2692
rhcr_pbs,warehouse_single_dock,intermittent_80s80m15r,closest,60,101,true,0.4800,144,0.0091,0.2747,1.0000,,0.00,0.00,,,1.0000,0.0000,0,0.00,0.00,0.00,0.00,0.00,0.0000,0.00,0.0000,1.0000,0.4600,444793.0,2580751.0,133442
rhcr_pbs,warehouse_single_dock,intermittent_80s80m15r,closest,60,101,false,0.4367,131,0.0103,0.3675,0.8602,0.1136,,1.00,1.99,,1.0000,-9.0278,2986,0.38,1.55,5.10,11.00,-3.55,3245.5000,,0.9833,0.9899,0.4333,474238.0,3735554.0,142883
rhcr_pbs,warehouse_single_dock,intermittent_80s80m15r,closest,60,101,true,0.5900,177,0.0111,0.0980,1.0000,,0.00,0.00,,,1.0000,0.0000,0,0.00,0.00,0.00,0.00,0.00,0.0000,0.00,0.0000,1.0000,0.4067,3642215.2,26127554.0,1092669
rhcr_pbs,warehouse_single_dock,intermittent_80s80m15r,closest,60,101,false,0.4400,132,0.0083,0.3572,0.6484,0.2000,,1.00,1.99,,1.0000,-25.4237,3715,0.51,1.90,5.08,14.00,-3.18,7229.1667,,1.0000,0.9927,0.4733,2792972.6,24481902.0,838524
rhcr_pbs,warehouse_single_dock,intermittent_80s80m15r,closest,60,202,true,0.6133,184,0.0109,0.0960,1.0000,,0.00,0.00,,,1.0000,0.0000,0,0.00,0.00,0.00,0.00,0.00,0.0000,0.00,0.0000,1.0000,0.5400,1215912.8,7007971.0,364778
rhcr_pbs,warehouse_single_dock,intermittent_80s80m15r,closest,60,202,false,0.4700,141,0.0086,0.2588,0.6884,0.1818,,1.00,1.90,,1.0000,-23.3696,4578,0.35,1.40,4.09,9.00,-2.68,5918.3333,,1.0000,0.9921,0.4400,1116301.2,6889475.0,335574
rhcr_pbs,warehouse_single_dock,intermittent_80s80m15r,closest,60,202,true,0.0300,9,0.0005,0.9247,1.0000,,0.00,0.00,,,1.0000,0.0000,0,0.00,0.00,0.00,0.00,0.00,0.0000,0.00,0.0000,1.0000,0.0533,2693.1,16677.0,812
rhcr_pbs,warehouse_single_dock,intermittent_80s80m15r,closest,60,202,false,0.0300,9,0.0005,0.9247,,0.0000,0.00,1.00,1.90,,1.0000,0.0000,0,0.64,2.49,4.43,8.00,-1.94,0.0000,,0.9833,1.0000,0.0533,2641.9,16234.0,1378
rhcr_pbs,warehouse_single_dock,intermittent_80s80m15r,closest,60,202,true,0.0300,9,0.0005,0.9247,1.0000,,0.00,0.00,,,1.0000,0.0000,0,0.00,0.00,0.00,0.00,0.00,0.0000,0.00,0.0000,1.0000,0.0533,2736.0,22593.0,825
rhcr_pbs,warehouse_single_dock,intermittent_80s80m15r,closest,60,202,false,0.0300,9,0.0005,0.9247,,0.0000,0.00,1.00,1.90,,1.0000,0.0000,0,0.64,2.49,4.43,8.00,-1.94,0.0000,,0.9833,1.0000,0.0533,2702.1,16575.0,1395
rhcr_pbs,warehouse_single_dock,intermittent_80s80m15r,closest,60,202,true,0.1033,31,0.0024,0.8184,1.0000,,0.00,0.00,,,1.0000,0.0000,0,0.00,0.00,0.00,0.00,0.00,0.0000,0.00,0.0000,1.0000,0.9333,652297.1,4195928.0,195695
rhcr_pbs,warehouse_single_dock,intermittent_80s80m15r,closest,60,202,false,0.1033,31,0.0024,0.8184,1.0000,0.0000,0.00,1.00,1.90,,1.0000,0.0000,0,0.12,1.14,5.31,8.00,-4.17,0.0000,20.00,0.9667,0.9998,0.9333,646128.0,4093990.0,194395
rhcr_pbs,warehouse_single_dock,intermittent_80s80m15r,closest,60,202,true,0.2967,89,0.0052,0.5268,1.0000,,0.00,0.00,,,1.0000,0.0000,0,0.00,0.00,0.00,0.00,0.00,0.0000,0.00,0.0000,1.0000,0.8333,5122216.4,22883122.0,1536669
rhcr_pbs,warehouse_single_dock,intermittent_80s80m15r,closest,60,202,false,0.4867,146,0.0118,0.2627,2.3256,0.0409,36.00,1.00,1.90,143,1.0000,64.0449,96,0.25,1.25,4.40,11.00,-3.14,1150.5000,,1.0000,0.9874,0.4533,3390092.6,25998262.0,1017683
rhcr_pbs,warehouse_single_dock,intermittent_80s80m15r,closest,60,303,true,0.6800,204,0.0126,0.1155,1.0000,,0.00,0.00,,,1.0000,0.0000,0,0.00,0.00,0.00,0.00,0.00,0.0000,0.00,0.0000,1.0000,0.4067,1018999.0,6372104.0,305709
rhcr_pbs,warehouse_single_dock,intermittent_80s80m15r,closest,60,303,false,0.5600,168,0.0118,0.2482,0.7500,0.1500,,1.00,2.12,,1.0000,-17.6471,3557,0.29,1.31,4.31,14.00,-3.00,6015.5000,,0.9667,0.9887,0.4200,1287747.7,7671928.0,386876
rhcr_pbs,warehouse_single_dock,intermittent_80s80m15r,closest,60,303,true,0.0167,5,0.0003,0.9358,1.0000,,0.00,0.00,,,1.0000,0.0000,0,0.00,0.00,0.00,0.00,0.00,0.0000,0.00,0.0000,1.0000,0.0600,4757.3,29136.0,1432
rhcr_pbs,warehouse_single_dock,intermittent_80s80m15r,closest,60,303,false,0.0167,5,0.0003,0.9358,,0.0000,0.00,1.00,2.12,,1.0000,0.0000,0,0.67,2.53,4.74,9.00,-2.21,0.0000,,1.0000,1.0000,0.0600,4949.3,25701.0,1853
rhcr_pbs,warehouse_single_dock,intermittent_80s80m15r,closest,60,303,true,0.0167,5,0.0003,0.9358,1.0000,,0.00,0.00,,,1.0000,0.0000,0,0.00,0.00,0.00,0.00,0.00,0.0000,0.00,0.0000,1.0000,0.0600,4855.5,29229.0,1461
rhcr_pbs,warehouse_single_dock,intermittent_80s80m15r,closest,60,303,false,0.0167,5,0.0003,0.9358,,0.0000,0.00,1.00,2.12,,1.0000,0.0000,0,0.67,2.53,4.74,9.00,-2.21,0.0000,,1.0000,1.0000,0.0600,4852.0,24314.0,1826
rhcr_pbs,warehouse_single_dock,intermittent_80s80m15r,closest,60,303,true,0.6067,182,0.0116,0.1600,1.0000,,0.00,0.00,,,1.0000,0.0000,0,0.00,0.00,0.00,0.00,0.00,0.0000,0.00,0.0000,1.0000,0.6200,519028.5,3343434.0,155713
rhcr_pbs,warehouse_single_dock,intermittent_80s80m15r,closest,60,303,false,0.2400,72,0.0046,0.6841,0.1270,0.3091,,2.00,2.12,,1.0000,-60.4396,11357,0.55,2.22,4.49,9.00,-2.27,7869.3333,,1.0000,0.9987,0.2400,275087.0,3305869.0,83044
rhcr_pbs,warehouse_single_dock,intermittent_80s80m15r,closest,60,303,true,0.6600,198,0.0124,0.0991,1.0000,,0.00,0.00,,,1.0000,0.0000,0,0.00,0.00,0.00,0.00,0.00,0.0000,0.00,0.0000,1.0000,0.3867,3415567.8,24249933.0,1024687
rhcr_pbs,warehouse_single_dock,intermittent_80s80m15r,closest,60,303,false,0.3700,111,0.0103,0.4716,0.3873,0.2455,,1.00,2.12,,1.0000,-43.9394,7671,0.30,1.39,4.79,14.00,-3.40,7603.0000,,1.0000,0.9908,0.6733,4334918.0,26922572.0,1300980
rhcr_pbs,warehouse_single_dock,intermittent_80s80m15r,closest,60,404,true,0.1700,51,0.0156,0.7444,1.0000,,0.00,0.00,,,1.0000,0.0000,0,0.00,0.00,0.00,0.00,0.00,0.0000,0.00,0.0000,1.0000,0.8867,1073093.3,7286905.0,321932
rhcr_pbs,warehouse_single_dock,intermittent_80s80m15r,closest,60,404,false,0.1700,51,0.0156,0.7468,1.0000,0.0000,0.00,1.00,1.92,,1.0000,0.0000,0,0.19,1.21,6.42,12.00,-5.21,0.0000,,0.9667,0.9833,0.8867,1130457.0,6790332.0,339669
rhcr_pbs,warehouse_single_dock,intermittent_80s80m15r,closest,60,404,true,0.0400,12,0.0007,0.9163,1.0000,,0.00,0.00,,,1.0000,0.0000,0,0.00,0.00,0.00,0.00,0.00,0.0000,0.00,0.0000,1.0000,0.0333,5112.9,29287.0,1538
rhcr_pbs,warehouse_single_dock,intermittent_80s80m15r,closest,60,404,false,0.0400,12,0.0007,0.9160,1.0000,0.0045,40.00,1.00,1.92,166,1.0000,0.0000,40,0.73,2.75,4.72,9.00,-1.96,45.0000,,1.0000,0.9999,0.0333,5018.8,33456.0,2008
rhcr_pbs,warehouse_single_dock,intermittent_80s80m15r,closest,60,404,true,0.0400,12,0.0007,0.9163,1.0000,,0.00,0.00,,,1.0000,0.0000,0,0.00,0.00,0.00,0.00,0.00,0.0000,0.00,0.0000,1.0000,0.0333,5083.5,29129.0,1529
rhcr_pbs,warehouse_single_dock,intermittent_80s80m15r,closest,60,404,false,0.0400,12,0.0007,0.9160,1.0000,0.0045,40.00,1.00,1.92,166,1.0000,0.0000,40,0.73,2.75,4.72,9.00,-1.96,45.0000,,1.0000,0.9999,0.0333,4971.3,33677.0,2147
rhcr_pbs,warehouse_single_dock,intermittent_80s80m15r,closest,60,404,true,0.1600,48,0.0031,0.6987,1.0000,,0.00,0.00,,,1.0000,0.0000,0,0.00,0.00,0.00,0.00,0.00,0.0000,0.00,0.0000,1.0000,0.8800,782090.7,3910556.0,234635
rhcr_pbs,warehouse_single_dock,intermittent_80s80m15r,closest,60,404,false,0.1767,53,0.0036,0.7056,1.6250,0.0136,0.00,1.00,1.92,,1.0000,10.4167,0,0.15,1.18,4.56,9.00,-3.38,327.0000,,0.9500,0.9987,0.8800,530373.3,3353475.0,159605
rhcr_pbs,warehouse_single_dock,intermittent_80s80m15r,closest,60,404,true,0.4000,120,0.0073,0.4095,1.0000,,0.00,0.00,,,1.0000,0.0000,0,0.00,0.00,0.00,0.00,0.00,0.0000,0.00,0.0000,1.0000,0.3933,2417903.5,22350666.0,725375
rhcr_pbs,warehouse_single_dock,intermittent_80s80m15r,closest,60,404,false,0.4733,142,0.0114,0.3372,1.3235,0.0773,164.00,1.00,1.92,248,1.0000,18.3333,1890,0.45,1.60,4.53,10.00,-2.93,1383.1667,,0.9833,0.9889,0.4200,3671114.0,22127539.0,1101880
rhcr_pbs,warehouse_single_dock,intermittent_80s80m15r,closest,60,505,true,0.3033,91,0.0056,0.5590,1.0000,,0.00,0.00,,,1.0000,0.0000,0,0.00,0.00,0.00,0.00,0.00,0.0000,0.00,0.0000,1.0000,0.7533,980664.9,6033880.0,294204
rhcr_pbs,warehouse_single_dock,intermittent_80s80m15r,closest,60,505,false,0.3233,97,0.0057,0.5001,1.1818,0.0500,84.00,1.00,1.88,176,1.0000,6.5934,350,0.23,1.26,4.15,10.00,-2.89,706.6667,,0.9333,0.9970,0.6400,847709.2,6057499.0,254804
rhcr_pbs,warehouse_single_dock,intermittent_80s80m15r,closest,60,505,true,0.0367,11,0.0006,0.9171,1.0000,,0.00,0.00,,,1.0000,0.0000,0,0.00,0.00,0.00,0.00,0.00,0.0000,0.00,0.0000,1.0000,0.0533,2612.9,39076.0,788
rhcr_pbs,warehouse_single_dock,intermittent_80s80m15r,closest,60,505,false,0.0367,11,0.0006,0.9171,,0.0000,0.00,1.00,1.88,,1.0000,0.0000,0,0.76,3.01,5.16,8.00,-2.15,0.0000,,1.0000,1.0000,0.0533,2697.0,38196.0,1194
rhcr_pbs,warehouse_single_dock,intermittent_80s80m15r,closest,60,505,true,0.0367,11,0.0006,0.9171,1.0000,,0.00,0.00,,,1.0000,0.0000,0,0.00,0.00,0.00,0.00,0.00,0.0000,0.00,0.0000,1.0000,0.0533,2602.8,39214.0,785
rhcr_pbs,warehouse_single_dock,intermittent_80s80m15r,closest,60,505,false,0.0367,11,0.0006,0.9171,,0.0000,0.00,1.00,1.88,,1.0000,0.0000,0,0.76,3.01,5.16,8.00,-2.15,0.0000,,1.0000,1.0000,0.0533,2663.9,38529.0,1183
rhcr_pbs,warehouse_single_dock,intermittent_80s80m15r,closest,60,505,true,0.1233,37,0.0022,0.8133,1.0000,,0.00,0.00,,,1.0000,0.0000,0,0.00,0.00,0.00,0.00,0.00,0.0000,0.00,0.0000,1.0000,0.9200,348827.8,2982238.0,104652
rhcr_pbs,warehouse_single_dock,intermittent_80s80m15r,closest,60,505,false,0.1433,43,0.0028,0.7941,2.2000,0.0136,16.00,1.00,1.88,146,1.0000,16.2162,16,0.37,1.49,7.41,20.00,-5.92,439.0000,,0.9500,0.9989,0.9400,391701.6,3208403.0,117989
rhcr_pbs,warehouse_single_dock,intermittent_80s80m15r,closest,60,505,true,0.6400,192,0.0126,0.0884,1.0000,,0.00,0.00,,,1.0000,0.0000,0,0.00,0.00,0.00,0.00,0.00,0.0000,0.00,0.0000,1.0000,0.3133,2749631.0,23594664.0,824894
rhcr_pbs,warehouse_single_dock,intermittent_80s80m15r,closest,60,505,false,0.3400,102,0.0091,0.5174,0.3478,0.2591,,1.00,1.88,,1.0000,-46.8750,8396,0.37,1.58,5.47,14.00,-3.89,8122.5000,,1.0000,0.9926,0.6133,4360650.4,23343412.0,1308693
